customer_id,first_name,email,loyalty_status,total_loyalty_points,last_purchase_date,segment_id,earned_points,updated_loyalty_points
1,Diya,diya1@mail.com,Bronze,204,2025-01-01,9,8573.925,8777.925
2,Anaya,anaya2@mail.com,Bronze,4837,2025-01-05,10,9850.675,14687.675
3,Aarav,aarav3@mail.com,Silver,4597,2025-01-02,8,13667.41,18264.41
4,Aman,aman4@mail.com,Bronze,2278,2025-01-06,7,18968.7,21246.7
5,Rahul,rahul5@mail.com,Platinum,2276,2025-01-01,7,10869.9,13145.9
6,Diya,diya6@mail.com,Silver,2940,2025-01-06,8,13040.185,15980.185
7,Pooja,pooja7@mail.com,Bronze,1022,2025-01-07,10,11521.935,12543.935
8,Priya,priya8@mail.com,Bronze,4729,2025-01-07,5,8110.35,12839.35
9,Anaya,anaya9@mail.com,Bronze,1907,2025-01-07,6,13748.53,15655.53
10,Isha,isha10@mail.com,Silver,3032,2025-01-06,2,22692.004999999997,25724.004999999997
11,Ritika,ritika11@mail.com,Gold,5201,2025-01-04,5,26412.005,31613.005
12,Pooja,pooja12@mail.com,Gold,1799,2025-01-02,1,5546.715,7345.715
13,Rahul,rahul13@mail.com,Bronze,3286,2025-01-06,6,6681.18,9967.18
14,Rohan,rohan14@mail.com,Gold,5369,2025-01-02,5,27978.879999999997,33347.88
15,Arjun,arjun15@mail.com,Silver,2020,2025-01-04,10,24065.27,26085.27
16,Aditya,aditya16@mail.com,Platinum,2965,2025-01-01,1,0.0,2965.0
17,Diya,diya17@mail.com,Gold,1252,2025-01-01,7,15256.134999999998,16508.135
18,Aditya,aditya18@mail.com,Silver,4881,2025-01-07,1,10231.244999999999,15112.244999999999
19,Diya,diya19@mail.com,Gold,5584,2025-01-03,2,0.0,5584.0
20,Meera,meera20@mail.com,Bronze,3561,2025-01-06,5,18836.455,22397.455
21,Siddharth,siddharth21@mail.com,Bronze,1463,2025-01-07,9,6029.54,7492.54
22,Ritika,ritika22@mail.com,Gold,1629,2025-01-07,9,5224.805,6853.805
23,Aarav,aarav23@mail.com,Bronze,4906,2025-01-07,5,5847.53,10753.529999999999
24,Saanvi,saanvi24@mail.com,Silver,474,2025-01-06,8,17513.51,17987.51
25,Anaya,anaya25@mail.com,Bronze,4363,2025-01-05,3,6389.575000000001,10752.575
26,Kabir,kabir26@mail.com,Silver,4322,2025-01-05,4,15148.79,19470.79
27,Meera,meera27@mail.com,Silver,3268,2025-01-05,8,4591.595,7859.595
28,Diya,diya28@mail.com,Bronze,2030,2025-01-02,10,16447.61,18477.61
29,Saanvi,saanvi29@mail.com,Silver,58,2025-01-01,6,9332.15,9390.15
30,Anaya,anaya30@mail.com,Silver,4211,2025-01-02,10,12480.34,16691.34
31,Aman,aman31@mail.com,Silver,3872,2025-01-01,2,16152.79,20024.79
32,Nisha,nisha32@mail.com,Silver,2902,2025-01-06,2,9707.205,12609.205
33,Vihaan,vihaan33@mail.com,Gold,3298,2025-01-02,4,28006.245000000003,31304.245000000003
34,Pooja,pooja34@mail.com,Bronze,3675,2025-01-07,2,27585.2,31260.2
35,Kunal,kunal35@mail.com,Silver,4508,2025-01-01,2,13149.0,17657.0
36,Saanvi,saanvi36@mail.com,Silver,1362,2025-01-01,3,-4981.775,-3619.7749999999996
37,Aditya,aditya37@mail.com,Bronze,17,2025-01-04,5,3345.65,3362.65
38,Nisha,nisha38@mail.com,Platinum,5706,2025-01-06,8,8522.71,14228.71
39,Arjun,arjun39@mail.com,Platinum,1555,2025-01-05,1,-4655.4349999999995,-3100.4349999999995
40,Rahul,rahul40@mail.com,Silver,468,2025-01-05,3,3098.04,3566.04
41,Vihaan,vihaan41@mail.com,Bronze,4160,2025-01-06,4,5203.595,9363.595000000001
42,Aditya,aditya42@mail.com,Silver,982,2025-01-01,10,15627.91,16609.91
43,Anaya,anaya43@mail.com,Silver,3434,2025-01-03,4,26270.435,29704.435
44,Rahul,rahul44@mail.com,Bronze,1955,2025-01-04,6,8086.32,10041.32
45,Anaya,anaya45@mail.com,Platinum,76,2025-01-01,9,14525.550000000001,14601.550000000001
46,Rohan,rohan46@mail.com,Platinum,4144,2025-01-02,6,29787.315,33931.315
47,Meera,meera47@mail.com,Silver,1292,2025-01-07,9,19648.965,20940.965
48,Aarav,aarav48@mail.com,Bronze,5471,2025-01-02,5,4419.95,9890.95
49,Diya,diya49@mail.com,Bronze,876,2025-01-02,6,3243.75,4119.75
50,Rohan,rohan50@mail.com,Bronze,5631,2025-01-07,1,3643.715,9274.715
51,Anaya,anaya51@mail.com,BRONZE,5196,2025-01-07,3,-1489.64,3706.3599999999997
52,Kabir,kabir52@mail.com,Silver,1323,2025-01-01,2,8685.2,10008.2
53,Anaya,anaya53@mail.com,Silver,5660,2025-01-05,9,12235.035,17895.035
54,Arjun,arjun54@mail.com,Bronze,3520,2025-01-07,1,7358.775,10878.775
55,Priya,priya55@mail.com,Silver,1720,2025-01-05,7,6809.35,8529.35
56,Ritika,ritika56@mail.com,Bronze,1266,2025-01-07,3,24445.75,25711.75
57,Nisha,nisha57@mail.com,Platinum,203,2025-01-04,4,10019.645,10222.645
58,Kabir,kabir58@mail.com,Bronze,1304,2025-01-07,8,27133.475000000002,28437.475000000002
59,Saanvi,saanvi59@mail.com,Silver,1634,2025-01-07,4,10604.805,12238.805
60,Saanvi,saanvi60@mail.com,Bronze,193,2025-01-01,5,1582.98,1775.98
61,Priya,priya61@mail.com,Silver,5255,2025-01-03,1,2046.07,7301.07
62,Diya,diya62@mail.com,Platinum,2139,2025-01-01,10,12048.94,14187.94
63,Nisha,nisha63@mail.com,Bronze,2831,2025-01-05,2,9963.705,12794.705
64,Aditya,aditya64@mail.com,Bronze,4723,2025-01-05,9,9638.75,14361.75
65,Rohan,rohan65@mail.com,Platinum,2983,2025-01-05,6,19928.480000000003,22911.480000000003
66,Diya,diya66@mail.com,Silver,5896,2025-01-03,7,5263.295,11159.295
67,Meera,meera67@mail.com,Silver,4541,2025-01-06,3,12820.465,17361.465
68,Ritika,ritika68@mail.com,SILVER,4662,2025-01-03,4,17359.825,22021.825
69,Nisha,nisha69@mail.com,Bronze,4751,2025-01-06,4,4217.52,8968.52
70,Siddharth,siddharth70@mail.com,Platinum,3876,2025-01-06,2,13596.74,17472.739999999998
71,Meera,meera71@mail.com,Silver,4222,2025-01-07,4,18246.975,22468.975
72,Meera,meera72@mail.com,Bronze,1840,2025-01-04,10,1733.97,3573.9700000000003
73,Anaya,anaya73@mail.com,Silver,3730,2025-01-06,7,5615.639999999999,9345.64
74,Tanya,tanya74@mail.com,SILVER,3273,2025-01-07,2,13573.65,16846.65
75,Nisha,nisha75@mail.com,Platinum,1792,2025-01-01,9,15606.495,17398.495000000003
76,Saanvi,saanvi76@mail.com,Gold,994,2025-01-05,10,0.0,994.0
77,Rahul,rahul77@mail.com,Gold,3625,2025-01-07,9,3471.23,7096.23
78,Kunal,kunal78@mail.com,Silver,1303,2025-01-02,5,3085.245,4388.245
79,Siddharth,siddharth79@mail.com,Bronze,3969,2025-01-03,4,7334.92,11303.92
80,Kabir,kabir80@mail.com,Silver,2751,2025-01-02,7,6227.639999999999,8978.64
81,Arjun,arjun81@mail.com,Silver,5786,2025-01-04,7,27940.31,33726.31
82,Vihaan,vihaan82@mail.com,Bronze,1694,2025-01-06,1,5061.16,6755.16
83,Aman,aman83@mail.com,Platinum,3116,2025-01-04,7,29596.35,32712.35
84,Pooja,pooja84@mail.com,Gold,4473,2025-01-03,7,4778.81,9251.810000000001
85,Tanya,tanya85@mail.com,Silver,237,2025-01-06,3,6365.2,6602.2
86,Kunal,kunal86@mail.com,Silver,1045,2025-01-05,10,21624.455,22669.455
87,Aarav,aarav87@mail.com,Bronze,687,2025-01-01,5,9097.53,9784.53
88,Aditya,aditya88@mail.com,Bronze,2681,2025-01-04,5,20438.72,23119.72
89,Nisha,nisha89@mail.com,Silver,2066,2025-01-01,6,23954.61,26020.61
90,Saanvi,saanvi90@mail.com,Platinum,5325,2025-01-01,4,11355.07,16680.07
91,Rohan,rohan91@mail.com,Bronze,166,2025-01-01,10,10043.49,10209.49
92,Rohan,rohan92@mail.com,Gold,3809,2025-01-05,2,17293.8,21102.8
93,Isha,isha93@mail.com,Bronze,2548,2025-01-06,7,7388.975,9936.975
94,Aditya,aditya94@mail.com,Silver,5857,2025-01-02,2,7767.655000000001,13624.655
95,Meera,meera95@mail.com,Bronze,5605,2025-01-07,1,9600.38,15205.38
96,Priya,priya96@mail.com,Bronze,4364,2025-01-03,1,17181.49,21545.49
97,Nisha,nisha97@mail.com,Platinum,4015,2025-01-07,8,0.0,4015.0
98,Arjun,arjun98@mail.com,Silver,3567,2025-01-05,9,8610.705,12177.705
99,Tanya,tanya99@mail.com,Gold,3808,2025-01-07,4,21045.89,24853.89
100,Anaya,anaya100@mail.com,Bronze,2284,2025-01-05,7,15075.19,17359.190000000002
101,Rahul,rahul101@mail.com,Bronze,235,2025-01-03,5,16176.05,16411.05
102,Rahul,rahul102@mail.com,Gold,2290,2025-01-01,9,7967.9,10257.9
103,Rohan,rohan103@mail.com,Silver,701,2025-01-02,8,11947.93,12648.93
104,Tanya,tanya104@mail.com,Bronze,3671,2025-01-06,4,22691.325,26362.325
105,Meera,meera105@mail.com,Silver,5439,2025-01-04,9,7241.405,12680.404999999999
106,Rahul,rahul106@mail.com,Bronze,2882,2025-01-01,4,7499.84,10381.84
107,Rahul,rahul107@mail.com,Platinum,979,2025-01-02,4,16610.98,17589.98
108,Tanya,tanya108@mail.com,Platinum,2265,2025-01-03,2,2367.275,4632.275
109,Rohan,rohan109@mail.com,BRONZE,2426,2025-01-05,3,10770.6,13196.6
110,Kabir,kabir110@mail.com,Silver,372,2025-01-02,8,13766.51,14138.51
111,Diya,diya111@mail.com,Silver,100,2025-01-02,1,18497.045000000002,18597.045000000002
112,Kabir,kabir112@mail.com,Bronze,3913,2025-01-05,1,14997.419999999998,18910.42
113,Arjun,arjun113@mail.com,Platinum,1222,2025-01-02,2,13465.93,14687.93
114,Pooja,pooja114@mail.com,Gold,3409,2025-01-05,7,36745.23,40154.23
115,Kunal,kunal115@mail.com,Silver,3626,2025-01-05,10,3556.5299999999997,7182.53
116,Vihaan,vihaan116@mail.com,Bronze,4994,2025-01-06,4,8255.615,13249.615
117,Kabir,kabir117@mail.com,Bronze,5410,2025-01-02,1,26867.29,32277.29
118,Nisha,nisha118@mail.com,Silver,3690,2025-01-03,5,8089.64,11779.64
119,Kunal,kunal119@mail.com,Platinum,583,2025-01-06,10,13361.115,13944.115
120,Rohan,rohan120@mail.com,Bronze,3482,2025-01-03,3,1246.425,4728.425
121,Anaya,anaya121@mail.com,Bronze,488,2025-01-05,5,7553.360000000001,8041.360000000001
122,Kunal,kunal122@mail.com,Bronze,1018,2025-01-03,9,21451.925,22469.925
123,Pooja,pooja123@mail.com,Silver,4045,2025-01-06,6,13966.494999999999,18011.495
124,Ritika,invalid_email,Bronze,2051,2025-01-07,10,16004.545,18055.545
125,Aman,aman125@mail.com,Silver,169,2025-01-01,3,6264.62,6433.62
126,Tanya,tanya126@mail.com,Platinum,4251,2025-01-05,7,4635.315,8886.314999999999
127,Tanya,tanya127@mail.com,Silver,747,2025-01-01,3,10446.51,11193.51
128,Rahul,rahul128@mail.com,Bronze,3372,2025-01-07,9,4619.110000000001,7991.110000000001
129,Vihaan,vihaan129@mail.com,Bronze,3725,2025-01-07,7,0.0,3725.0
130,Siddharth,siddharth130@mail.com,Silver,9,2025-01-02,9,14082.95,14091.95
131,Priya,priya131@mail.com,Silver,5100,2025-01-02,5,27883.065,32983.065
132,Pooja,pooja132@mail.com,Silver,1073,2025-01-01,1,13599.405,14672.405
133,Ritika,ritika133@mail.com,BRONZE,1960,2025-01-04,2,18136.445,20096.445
134,Saanvi,saanvi134@mail.com,Bronze,929,2025-01-04,5,17257.07,18186.07
135,Siddharth,siddharth135@mail.com,Gold,5778,2025-01-02,8,1840.295,7618.295
136,Pooja,pooja136@mail.com,Platinum,1184,2025-01-02,2,31370.395,32554.395
137,Kabir,kabir137@mail.com,Gold,3399,2025-01-01,5,4628.195,8027.195
138,Meera,meera138@mail.com,Silver,4808,2025-01-04,9,11075.545,15883.545
139,Tanya,tanya139@mail.com,Gold,2827,2025-01-03,4,10233.724999999999,13060.724999999999
140,Saanvi,saanvi140@mail.com,Gold,4684,2025-01-03,8,4634.59,9318.59
141,Aditya,aditya141@mail.com,Gold,3162,2025-01-02,8,9704.04,12866.04
142,Vihaan,vihaan142@mail.com,Silver,1034,2025-01-07,8,11268.105,12302.105
143,Diya,diya143@mail.com,Bronze,4308,2025-01-07,3,0.0,4308.0
144,Anaya,anaya144@mail.com,Bronze,3846,2025-01-04,2,26134.355,29980.355
145,Rahul,rahul145@mail.com,Bronze,5524,2025-01-06,8,9413.325,14937.325
146,Pooja,pooja146@mail.com,Bronze,294,2025-01-03,4,20141.445,20435.445
147,Anaya,anaya147@mail.com,Gold,3555,2025-01-01,8,1017.545,4572.545
148,Isha,isha148@mail.com,Bronze,5685,2025-01-01,5,-187.20000000000073,5497.799999999999
149,Priya,priya149@mail.com,Bronze,3070,2025-01-06,3,11790.595,14860.595
150,Isha,isha150@mail.com,Gold,1434,2025-01-02,8,15153.905,16587.905
151,Aman,aman151@mail.com,Silver,1172,2025-01-06,1,9421.89,10593.89
152,Kunal,kunal152@mail.com,Bronze,2356,2025-01-03,10,21727.635,24083.635
153,Meera,meera153@mail.com,Silver,5234,2025-01-03,4,12265.105,17499.105
154,Aditya,aditya154@mail.com,Bronze,3958,2025-01-03,5,5289.8,9247.8
155,Aarav,aarav155@mail.com,Bronze,5392,2025-01-07,1,20351.315,25743.315
156,Ritika,ritika156@mail.com,Platinum,4069,2025-01-02,10,4419.955,8488.955
157,Priya,priya157@mail.com,Silver,1794,2025-01-06,3,4878.225,6672.225
158,Diya,diya158@mail.com,Bronze,5140,2025-01-05,6,16262.78,21402.78
159,Arjun,arjun159@mail.com,Bronze,738,2025-01-02,3,12297.66,13035.66
160,Pooja,pooja160@mail.com,Platinum,2997,2025-01-03,8,18216.050000000003,21213.050000000003
161,Meera,meera161@mail.com,Silver,2774,2025-01-07,4,10078.78,12852.78
162,Aditya,aditya162@mail.com,GOLD,4565,2025-01-05,2,13034.065,17599.065000000002
163,Kunal,kunal163@mail.com,Silver,3019,2025-01-07,6,7262.985,10281.985
164,Diya,diya164@mail.com,Bronze,5528,2025-01-05,6,32609.190000000002,38137.19
165,Ritika,ritika165@mail.com,Silver,1813,2025-01-06,5,8106.845,9919.845000000001
166,Nisha,nisha166@mail.com,Platinum,955,2025-01-04,2,5900.889999999999,6855.889999999999
167,Diya,diya167@mail.com,Bronze,1923,2025-01-06,9,14739.31,16662.309999999998
168,Nisha,nisha168@mail.com,Bronze,4811,2025-01-01,8,17058.9,21869.9
169,Ritika,ritika169@mail.com,Bronze,3343,2025-01-02,8,19691.754999999997,23034.754999999997
170,Kunal,kunal170@mail.com,Bronze,1934,2025-01-05,6,5551.65,7485.65
171,Vihaan,vihaan171@mail.com,Platinum,3261,2025-01-07,8,6768.51,10029.51
172,Anaya,anaya172@mail.com,Silver,5429,2025-01-01,6,20164.09,25593.09
173,Saanvi,saanvi173@mail.com,Bronze,1031,2025-01-05,4,4073.005,5104.005
174,Aman,aman174@mail.com,Bronze,1769,2025-01-07,10,12409.99,14178.99
175,Aarav,aarav175@mail.com,Bronze,2271,2025-01-03,3,21421.33,23692.33
176,Diya,diya176@mail.com,Bronze,5415,2025-01-07,4,7027.375,12442.375
177,Aman,invalid_email,Bronze,-2652,2025-01-04,9,1154.39,-1497.61
178,Diya,diya178@mail.com,Gold,520,2025-01-01,8,15945.425,16465.425
179,Siddharth,siddharth179@mail.com,Bronze,1814,2025-01-07,9,5805.605,7619.605
180,Meera,meera180@mail.com,Bronze,3752,2025-01-07,7,9759.34,13511.34
181,Nisha,nisha181@mail.com,Gold,5620,2025-01-01,6,9042.455,14662.455
182,Ritika,ritika182@mail.com,Bronze,1215,2025-01-05,6,4808.52,6023.52
183,Aditya,aditya183@mail.com,Silver,4893,2025-01-01,2,1003.53,5896.53
184,Pooja,pooja184@mail.com,Silver,5905,2025-01-04,6,10580.515,16485.515
185,Kunal,kunal185@mail.com,Bronze,3266,2025-01-06,5,11335.43,14601.43
186,Priya,priya186@mail.com,Silver,1250,2025-01-01,2,0.0,1250.0
187,Nisha,nisha187@mail.com,Bronze,791,2025-01-01,10,5923.945,6714.945
188,Pooja,pooja188@mail.com,Bronze,4601,2025-01-06,7,6131.745,10732.744999999999
189,Vihaan,vihaan189@mail.com,Bronze,2356,2025-01-02,3,15421.195,17777.195
190,Tanya,tanya190@mail.com,Bronze,1837,2025-01-01,5,2788.075,4625.075
191,Aman,aman191@mail.com,Gold,1852,2025-01-07,10,0.0,1852.0
192,Ritika,ritika192@mail.com,Bronze,5529,2025-01-07,5,12862.740000000002,18391.74
193,Aarav,aarav193@mail.com,Gold,1477,2025-01-03,1,18965.295,20442.295
194,Isha,isha194@mail.com,Silver,1173,2025-01-06,1,22730.35,23903.35
195,Anaya,anaya195@mail.com,Silver,4345,2025-01-03,5,5135.075,9480.075
196,Rahul,rahul196@mail.com,Gold,4649,2025-01-07,10,13060.14,17709.14
197,Vihaan,vihaan197@mail.com,Silver,5521,2025-01-05,8,6067.83,11588.83
198,Nisha,nisha198@mail.com,Silver,2237,2025-01-01,5,5809.47,8046.47
199,Aman,aman199@mail.com,Bronze,3986,2025-01-05,1,15283.465,19269.465
200,Aarav,aarav200@mail.com,Bronze,1674,2025-01-03,5,4932.84,6606.84
201,Rahul,invalid_email,Gold,-982,2025-01-04,9,3760.17,2778.17
202,Saanvi,saanvi202@mail.com,Silver,4098,2025-01-04,1,12145.77,16243.77
203,Nisha,nisha203@mail.com,Bronze,153,2025-01-04,10,3997.55,4150.55
204,Aditya,aditya204@mail.com,Bronze,5812,2025-01-03,3,14161.765,19973.765
205,Ritika,ritika205@mail.com,Platinum,3769,2025-01-07,2,4428.44,8197.439999999999
206,Saanvi,saanvi206@mail.com,Silver,3569,2025-01-03,6,-4192.875,-623.875
207,Saanvi,saanvi207@mail.com,Bronze,2728,2025-01-05,9,7680.405,10408.404999999999
208,Rohan,rohan208@mail.com,Platinum,2862,2025-01-02,4,12502.48,15364.48
209,Diya,diya209@mail.com,Bronze,1199,2025-01-07,2,18762.71,19961.71
210,Isha,isha210@mail.com,Gold,5144,2025-01-04,10,11565.72,16709.72
211,Ritika,ritika211@mail.com,Silver,2647,2025-01-01,8,21149.925,23796.925
212,Kunal,kunal212@mail.com,Bronze,5172,2025-01-05,2,9784.2,14956.2
213,Meera,meera213@mail.com,Bronze,3782,2025-01-01,2,4309.2,8091.2
214,Ritika,ritika214@mail.com,Silver,4866,2025-01-07,1,4259.665,9125.665
215,Kunal,kunal215@mail.com,Bronze,4683,2025-01-02,1,26622.739999999998,31305.739999999998
216,Kunal,kunal216@mail.com,Gold,847,2025-01-01,9,25646.61,26493.61
217,Isha,isha217@mail.com,Silver,320,2025-01-05,10,6407.975,6727.975
218,Isha,isha218@mail.com,Bronze,2981,2025-01-03,10,12787.225,15768.225
219,Vihaan,vihaan219@mail.com,Bronze,5168,2025-01-06,7,12206.32,17374.32
220,Meera,meera220@mail.com,Silver,2064,2025-01-07,3,5004.195,7068.195
221,Rahul,rahul221@mail.com,Bronze,667,2025-01-06,7,10478.199999999999,11145.199999999999
222,Arjun,arjun222@mail.com,Bronze,4874,2025-01-06,6,5812.165,10686.165
223,Arjun,arjun223@mail.com,Platinum,5489,2025-01-05,2,9974.064999999999,15463.064999999999
224,Nisha,nisha224@mail.com,Bronze,4165,2025-01-02,6,5425.015,9590.015
225,Tanya,tanya225@mail.com,Bronze,1572,2025-01-07,2,8583.525,10155.525
226,Siddharth,siddharth226@mail.com,Gold,4421,2025-01-03,10,3828.86,8249.86
227,Arjun,arjun227@mail.com,Bronze,4892,2025-01-07,10,4078.645,8970.645
228,Isha,isha228@mail.com,Silver,5907,2025-01-02,8,10634.795,16541.795
229,Ritika,ritika229@mail.com,Gold,2334,2025-01-02,5,4992.815,7326.815
230,Tanya,tanya230@mail.com,Platinum,1589,2025-01-04,5,20852.485,22441.485
231,Aditya,aditya231@mail.com,Platinum,4119,2025-01-07,10,11451.195,15570.195
232,Arjun,arjun232@mail.com,Silver,2048,2025-01-01,9,14925.685000000001,16973.685
233,Diya,diya233@mail.com,Bronze,2335,2025-01-05,3,0.0,2335.0
234,Nisha,nisha234@mail.com,Bronze,751,2025-01-03,1,13069.175,13820.175
235,Nisha,nisha235@mail.com,Bronze,436,2025-01-01,6,0.0,436.0
236,Saanvi,saanvi236@mail.com,Bronze,230,2025-01-03,3,3288.545,3518.545
237,Arjun,arjun237@mail.com,Gold,313,2025-01-02,8,4034.785,4347.785
238,Kunal,invalid_email,Bronze,-5040,2025-01-07,3,11193.66,6153.66
239,Pooja,pooja239@mail.com,Silver,5957,2025-01-02,5,9996.904999999999,15953.904999999999
240,Diya,diya240@mail.com,Silver,391,2025-01-01,2,6261.8550000000005,6652.8550000000005
241,Tanya,tanya241@mail.com,Silver,4888,2025-01-06,3,9081.275,13969.275
242,Meera,invalid_email,Bronze,-3516,2025-01-02,2,16180.89,12664.89
243,Siddharth,siddharth243@mail.com,Silver,2954,2025-01-05,9,1923.21,4877.21
244,Aarav,aarav244@mail.com,Bronze,3198,2025-01-03,5,9875.420000000002,13073.420000000002
245,Aarav,aarav245@mail.com,Bronze,2925,2025-01-06,2,13308.905,16233.905
246,Aman,aman246@mail.com,Bronze,2723,2025-01-06,3,15036.435,17759.434999999998
247,Kunal,kunal247@mail.com,Bronze,5696,2025-01-06,8,24074.65,29770.65
248,Vihaan,vihaan248@mail.com,Gold,2403,2025-01-03,5,15020.25,17423.25
249,Siddharth,siddharth249@mail.com,Silver,3262,2025-01-07,4,21030.575,24292.575
250,Meera,meera250@mail.com,Bronze,2924,2025-01-03,2,5303.02,8227.02
251,Priya,priya251@mail.com,Gold,3579,2025-01-04,6,13916.795,17495.795
252,Isha,isha252@mail.com,Bronze,4064,2025-01-03,2,18828.085,22892.085
253,Nisha,nisha253@mail.com,Platinum,646,2025-01-03,6,5864.04,6510.04
254,Diya,diya254@mail.com,Bronze,655,2025-01-06,7,10544.92,11199.92
255,Isha,isha255@mail.com,Silver,5650,2025-01-03,10,15930.255000000001,21580.255
256,Nisha,nisha256@mail.com,Gold,2249,2025-01-06,7,13994.645,16243.645
257,Priya,priya257@mail.com,Silver,4203,2025-01-02,10,2486.38,6689.38
258,Kunal,kunal258@mail.com,Bronze,285,2025-01-03,7,12110.715,12395.715
259,Aman,aman259@mail.com,Silver,265,2025-01-03,8,0.0,265.0
260,Anaya,anaya260@mail.com,Bronze,4701,2025-01-03,4,846.405,5547.405
261,Diya,diya261@mail.com,Silver,212,2025-01-05,2,6203.924999999999,6415.924999999999
262,Kabir,kabir262@mail.com,Bronze,2132,2025-01-06,8,8122.09,10254.09
263,Rohan,rohan263@mail.com,Bronze,1004,2025-01-06,8,25510.355,26514.355
264,Anaya,anaya264@mail.com,Platinum,5586,2025-01-06,2,6059.365,11645.365
265,Pooja,pooja265@mail.com,Bronze,4441,2025-01-06,3,13296.904999999999,17737.905
266,Priya,priya266@mail.com,Platinum,4167,2025-01-02,8,16042.205,20209.205
267,Aarav,aarav267@mail.com,Bronze,2956,2025-01-05,3,17837.715,20793.715
268,Ritika,ritika268@mail.com,Bronze,706,2025-01-04,9,7626.945,8332.945
269,Nisha,nisha269@mail.com,Bronze,3354,2025-01-06,2,7137.6449999999995,10491.645
270,Kunal,kunal270@mail.com,Bronze,3816,2025-01-07,9,17357.455,21173.455
271,Aman,aman271@mail.com,Bronze,1490,2025-01-07,1,6376.639999999999,7866.639999999999
272,Diya,diya272@mail.com,Bronze,4244,2025-01-06,4,6442.475,10686.475
273,Priya,priya273@mail.com,Gold,4250,2025-01-06,9,7517.805,11767.805
274,Kabir,kabir274@mail.com,Silver,1025,2025-01-06,3,17572.83,18597.83
275,Aman,aman275@mail.com,Silver,4756,2025-01-05,6,10215.78,14971.78
276,Aman,aman276@mail.com,Bronze,337,2025-01-06,10,11695.86,12032.86
277,Kabir,kabir277@mail.com,Silver,5334,2025-01-01,8,7283.73,12617.73
278,Pooja,pooja278@mail.com,Bronze,2372,2025-01-07,7,11875.935000000001,14247.935000000001
279,Meera,meera279@mail.com,Bronze,3715,2025-01-04,8,14487.145,18202.145
280,Rohan,rohan280@mail.com,Bronze,2786,2025-01-06,6,1544.365,4330.365
281,Aditya,aditya281@mail.com,Silver,1071,2025-01-02,8,2347.05,3418.05
282,Diya,diya282@mail.com,Bronze,2191,2025-01-04,10,4007.62,6198.62
283,Nisha,nisha283@mail.com,Platinum,2033,2025-01-05,6,13725.465,15758.465
284,Rohan,rohan284@mail.com,Silver,1305,2025-01-03,8,11747.145,13052.145
285,Aarav,aarav285@mail.com,Silver,737,2025-01-02,10,7555.33,8292.33
286,Priya,priya286@mail.com,Silver,398,2025-01-06,8,22441.565,22839.565
287,Meera,invalid_email,Bronze,-4396,2025-01-03,6,11252.76,6856.76
288,Aditya,aditya288@mail.com,Bronze,2997,2025-01-03,9,13213.81,16210.81
289,Meera,meera289@mail.com,Silver,602,2025-01-07,10,5751.860000000001,6353.860000000001
290,Ritika,ritika290@mail.com,Bronze,973,2025-01-03,9,1247.5549999999998,2220.555
291,Priya,priya291@mail.com,Silver,1181,2025-01-01,1,6124.165,7305.165
292,Arjun,arjun292@mail.com,Silver,5845,2025-01-05,9,5752.210000000001,11597.210000000001
293,Arjun,arjun293@mail.com,Bronze,2686,2025-01-05,5,4313.86,6999.86
294,Aman,aman294@mail.com,Silver,2755,2025-01-05,5,7606.540000000001,10361.54
295,Tanya,tanya295@mail.com,Silver,136,2025-01-05,5,7033.295,7169.295
296,Aarav,aarav296@mail.com,Platinum,4889,2025-01-07,10,9729.23,14618.23
297,Aman,aman297@mail.com,Silver,1864,2025-01-06,10,16922.15,18786.15
298,Aditya,aditya298@mail.com,Bronze,1210,2025-01-06,2,12969.19,14179.19
299,Rohan,rohan299@mail.com,Silver,155,2025-01-02,7,3645.895,3800.895
300,Siddharth,siddharth300@mail.com,Gold,5009,2025-01-01,3,4708.185,9717.185000000001
301,Siddharth,siddharth301@mail.com,Platinum,1698,2025-01-04,6,8535.93,10233.93
302,Isha,isha302@mail.com,Bronze,3765,2025-01-07,5,5422.355,9187.355
303,Ritika,ritika303@mail.com,Bronze,3966,2025-01-02,5,23693.9,27659.9
304,Meera,meera304@mail.com,Gold,5774,2025-01-03,9,17779.68,23553.68
305,Kabir,kabir305@mail.com,Silver,2357,2025-01-04,6,7141.285,9498.285
306,Arjun,arjun306@mail.com,Platinum,2379,2025-01-04,5,19901.07,22280.07
307,Tanya,tanya307@mail.com,Silver,1752,2025-01-06,5,1829.7849999999999,3581.785
308,Arjun,arjun308@mail.com,Silver,894,2025-01-06,9,1363.79,2257.79
309,Saanvi,saanvi309@mail.com,Bronze,5226,2025-01-04,2,32782.285,38008.285
310,Arjun,arjun310@mail.com,Platinum,42,2025-01-06,8,9212.44,9254.44
311,Tanya,tanya311@mail.com,Platinum,5329,2025-01-06,1,2223.485,7552.485000000001
312,Anaya,anaya312@mail.com,Silver,5343,2025-01-01,3,7743.91,13086.91
313,Nisha,nisha313@mail.com,Bronze,1440,2025-01-07,8,16332.855,17772.855
314,Isha,isha314@mail.com,Bronze,2371,2025-01-01,6,6879.985,9250.985
315,Meera,meera315@mail.com,Silver,3722,2025-01-02,9,9228.735,12950.735
316,Kunal,kunal316@mail.com,Bronze,2235,2025-01-04,5,10381.04,12616.04
317,Isha,isha317@mail.com,Gold,115,2025-01-07,4,8361.055,8476.055
318,Isha,isha318@mail.com,Gold,5004,2025-01-05,6,9142.585000000001,14146.585000000001
319,Anaya,anaya319@mail.com,Bronze,3283,2025-01-03,4,12623.560000000001,15906.560000000001
320,Aarav,aarav320@mail.com,Silver,2136,2025-01-03,5,3802.49,5938.49
321,Aman,aman321@mail.com,Bronze,5921,2025-01-02,1,24256.095,30177.095
322,Diya,diya322@mail.com,Silver,3812,2025-01-06,5,14967.5,18779.5
323,Diya,diya323@mail.com,Bronze,5232,2025-01-02,3,8891.970000000001,14123.970000000001
324,Tanya,tanya324@mail.com,Platinum,1254,2025-01-06,9,13547.32,14801.32
325,Tanya,tanya325@mail.com,Gold,4403,2025-01-06,10,19231.765,23634.765
326,Anaya,anaya326@mail.com,Gold,4304,2025-01-05,2,8661.145,12965.145
327,Vihaan,vihaan327@mail.com,Bronze,4486,2025-01-02,6,10876.195,15362.195
328,Siddharth,siddharth328@mail.com,Bronze,3619,2025-01-01,9,725.77,4344.77
329,Kunal,kunal329@mail.com,Silver,455,2025-01-01,9,18044.1,18499.1
330,Kunal,kunal330@mail.com,Gold,5511,2025-01-07,1,12216.15,17727.15
331,Rohan,rohan331@mail.com,Silver,4737,2025-01-05,1,24421.515,29158.515
332,Anaya,invalid_email,Silver,3867,2025-01-07,7,14196.615,18063.614999999998
333,Priya,priya333@mail.com,Platinum,3133,2025-01-01,9,17064.92,20197.92
334,Arjun,arjun334@mail.com,Bronze,5353,2025-01-04,9,7955.040000000001,13308.04
335,Arjun,arjun335@mail.com,Gold,5962,2025-01-03,8,7405.094999999999,13367.095
336,Pooja,pooja336@mail.com,Gold,3474,2025-01-03,3,5597.725,9071.725
337,Kabir,kabir337@mail.com,Gold,1544,2025-01-07,7,-2182.4449999999997,-638.4449999999997
338,Ritika,ritika338@mail.com,Bronze,128,2025-01-04,10,8211.84,8339.84
339,Vihaan,vihaan339@mail.com,Silver,2004,2025-01-02,1,9753.585,11757.585
340,Arjun,arjun340@mail.com,Bronze,4127,2025-01-05,6,9384.895,13511.895
341,Aman,aman341@mail.com,Gold,4898,2025-01-02,9,13347.119999999999,18245.12
342,Saanvi,saanvi342@mail.com,Bronze,3387,2025-01-06,3,9375.2,12762.2
343,Nisha,nisha343@mail.com,Platinum,4553,2025-01-06,7,2901.52,7454.52
344,Siddharth,siddharth344@mail.com,Silver,2611,2025-01-02,9,19358.454999999998,21969.454999999998
345,Tanya,tanya345@mail.com,Bronze,1974,2025-01-07,8,5620.965,7594.965
346,Vihaan,vihaan346@mail.com,Silver,4607,2025-01-04,4,12583.705,17190.705
347,Kabir,kabir347@mail.com,Bronze,1665,2025-01-03,2,2782.42,4447.42
348,Pooja,pooja348@mail.com,Bronze,5935,2025-01-05,10,13179.715,19114.715
349,Vihaan,vihaan349@mail.com,Gold,596,2025-01-05,4,9669.445,10265.445
350,Tanya,tanya350@mail.com,Bronze,1711,2025-01-01,4,21113.010000000002,22824.010000000002
351,Rohan,rohan351@mail.com,Gold,961,2025-01-06,10,0.0,961.0
352,Rohan,rohan352@mail.com,Silver,3249,2025-01-04,8,11511.44,14760.44
353,Pooja,pooja353@mail.com,Bronze,5314,2025-01-04,8,22202.600000000002,27516.600000000002
354,Diya,diya354@mail.com,Gold,5918,2025-01-03,6,8953.475,14871.475
355,Nisha,nisha355@mail.com,Bronze,374,2025-01-03,9,6329.025,6703.025
356,Aman,aman356@mail.com,Bronze,4744,2025-01-02,7,11805.21,16549.21
357,Aman,aman357@mail.com,Silver,2013,2025-01-03,8,10062.470000000001,12075.470000000001
358,Tanya,tanya358@mail.com,Gold,3775,2025-01-06,9,5441.46,9216.46
359,Tanya,tanya359@mail.com,Silver,1507,2025-01-01,9,9290.38,10797.38
360,Vihaan,vihaan360@mail.com,Silver,608,2025-01-04,3,7150.650000000001,7758.650000000001
361,Saanvi,saanvi361@mail.com,Bronze,556,2025-01-03,1,13753.474999999999,14309.474999999999
362,Ritika,ritika362@mail.com,Silver,5224,2025-01-04,1,-14.589999999999918,5209.41
363,Aarav,aarav363@mail.com,Bronze,4359,2025-01-03,9,12592.815,16951.815000000002
364,Meera,meera364@mail.com,Silver,140,2025-01-02,2,3439.145,3579.145
365,Diya,diya365@mail.com,Bronze,4295,2025-01-07,6,14648.670000000002,18943.670000000002
366,Kabir,kabir366@mail.com,Platinum,3251,2025-01-02,4,3869.095,7120.094999999999
367,Meera,meera367@mail.com,Bronze,5603,2025-01-06,1,6740.58,12343.58
368,Anaya,anaya368@mail.com,Silver,3320,2025-01-01,3,17464.44,20784.44
369,Anaya,anaya369@mail.com,Silver,4094,2025-01-07,2,4892.205,8986.205
370,Siddharth,siddharth370@mail.com,Platinum,348,2025-01-05,8,33173.255,33521.255
371,Kabir,kabir371@mail.com,Silver,381,2025-01-05,10,31582.515,31963.515
372,Vihaan,vihaan372@mail.com,Bronze,1469,2025-01-05,3,3698.435,5167.4349999999995
373,Aditya,aditya373@mail.com,Silver,630,2025-01-07,7,12201.675000000001,12831.675000000001
374,Pooja,pooja374@mail.com,Gold,2717,2025-01-06,2,3177.815,5894.8150000000005
375,Siddharth,siddharth375@mail.com,Silver,2833,2025-01-03,10,2419.21,5252.21
376,Ritika,ritika376@mail.com,Gold,4879,2025-01-03,8,4519.43,9398.43
377,Tanya,tanya377@mail.com,Platinum,1868,2025-01-06,10,8867.59,10735.59
378,Aditya,aditya378@mail.com,Bronze,702,2025-01-01,2,9702.555,10404.555
379,Kabir,kabir379@mail.com,Gold,1263,2025-01-04,6,7945.895,9208.895
380,Priya,priya380@mail.com,Platinum,872,2025-01-07,5,6946.47,7818.47
381,Diya,diya381@mail.com,Silver,1085,2025-01-05,7,13986.395,15071.395
382,Diya,diya382@mail.com,Silver,215,2025-01-07,6,21846.135000000002,22061.135000000002
383,Aditya,aditya383@mail.com,Bronze,101,2025-01-05,4,8575.26,8676.26
384,Aman,aman384@mail.com,Bronze,4268,2025-01-03,5,5216.88,9484.880000000001
385,Tanya,tanya385@mail.com,Silver,1195,2025-01-04,2,2630.4300000000003,3825.4300000000003
386,Priya,priya386@mail.com,Gold,2061,2025-01-05,4,646.945,2707.945
387,Kunal,kunal387@mail.com,Bronze,876,2025-01-07,10,6858.93,7734.93
388,Aditya,aditya388@mail.com,Silver,2699,2025-01-06,10,12300.355,14999.355
389,Arjun,arjun389@mail.com,Platinum,2461,2025-01-03,3,2928.425,5389.425
390,Aditya,aditya390@mail.com,Silver,2614,2025-01-05,4,7818.6,10432.6
391,Rahul,rahul391@mail.com,Gold,3080,2025-01-05,4,7399.6,10479.6
392,Aman,aman392@mail.com,Gold,4469,2025-01-06,8,10945.465,15414.465
393,Rohan,rohan393@mail.com,Gold,3591,2025-01-07,7,12483.215,16074.215
394,Tanya,tanya394@mail.com,Bronze,1140,2025-01-06,7,26069.895,27209.895
395,Aditya,aditya395@mail.com,Silver,605,2025-01-05,9,10145.630000000001,10750.630000000001
396,Nisha,invalid_email,Platinum,4453,2025-01-07,9,17450.38,21903.38
397,Ritika,ritika397@mail.com,Bronze,5227,2025-01-06,6,9503.13,14730.13
398,Isha,isha398@mail.com,Silver,5300,2025-01-06,7,8973.565,14273.565
399,Rahul,rahul399@mail.com,Bronze,3526,2025-01-06,9,6020.985000000001,9546.985
400,Pooja,pooja400@mail.com,Bronze,4755,2025-01-04,10,0.0,4755.0
401,Siddharth,siddharth401@mail.com,Bronze,1234,2025-01-04,2,8204.675,9438.675
402,Diya,diya402@mail.com,Bronze,5981,2025-01-02,9,15838.815,21819.815000000002
403,Tanya,tanya403@mail.com,Silver,2853,2025-01-03,2,0.0,2853.0
404,Meera,meera404@mail.com,Bronze,366,2025-01-06,2,5059.415,5425.415
405,Isha,isha405@mail.com,Silver,1998,2025-01-04,8,-3310.11,-1312.1100000000001
406,Saanvi,saanvi406@mail.com,Bronze,3318,2025-01-04,1,9479.2,12797.2
407,Ritika,ritika407@mail.com,SILVER,1616,2025-01-02,4,6928.425,8544.425
408,Kabir,kabir408@mail.com,Bronze,5765,2025-01-07,9,19597.95,25362.95
409,Isha,isha409@mail.com,Silver,2996,2025-01-07,8,6335.16,9331.16
410,Siddharth,siddharth410@mail.com,Bronze,5235,2025-01-01,6,14222.825,19457.825
411,Priya,priya411@mail.com,Gold,3750,2025-01-03,10,32690.41,36440.41
412,Aman,aman412@mail.com,Bronze,694,2025-01-01,3,12594.77,13288.77
413,Priya,priya413@mail.com,Bronze,5680,2025-01-05,7,11985.914999999999,17665.915
414,Nisha,nisha414@mail.com,Silver,1521,2025-01-02,9,16052.635,17573.635000000002
415,Isha,isha415@mail.com,Bronze,4011,2025-01-05,1,0.0,4011.0
416,Priya,priya416@mail.com,Bronze,78,2025-01-05,9,15509.4,15587.4
417,Tanya,tanya417@mail.com,Silver,3351,2025-01-04,3,0.0,3351.0
418,Anaya,invalid_email,Gold,4631,2025-01-03,4,12490.244999999999,17121.245
419,Pooja,pooja419@mail.com,Silver,2364,2025-01-07,8,10023.25,12387.25
420,Pooja,pooja420@mail.com,Bronze,4184,2025-01-07,6,15229.3,19413.3
421,Pooja,pooja421@mail.com,Silver,340,2025-01-04,2,6927.615,7267.615
422,Saanvi,saanvi422@mail.com,Bronze,2438,2025-01-07,2,19471.7,21909.7
423,Kunal,kunal423@mail.com,Bronze,961,2025-01-05,6,26514.64,27475.64
424,Ritika,ritika424@mail.com,Silver,5183,2025-01-07,4,894.97,6077.97
425,Vihaan,vihaan425@mail.com,Bronze,4670,2025-01-03,5,17846.4,22516.4
426,Meera,meera426@mail.com,Gold,4691,2025-01-06,2,26697.175,31388.175
427,Arjun,arjun427@mail.com,Platinum,3371,2025-01-02,3,-67.79999999999995,3303.2
428,Saanvi,saanvi428@mail.com,Gold,1198,2025-01-06,7,9602.380000000001,10800.380000000001
429,Tanya,tanya429@mail.com,Bronze,1164,2025-01-04,2,22637.175,23801.175
430,Anaya,anaya430@mail.com,Bronze,3300,2025-01-03,8,8023.820000000001,11323.82
431,Tanya,tanya431@mail.com,Gold,2681,2025-01-01,8,12483.45,15164.45
432,Priya,priya432@mail.com,Bronze,518,2025-01-07,4,-134.60999999999967,383.3900000000003
433,Tanya,tanya433@mail.com,Bronze,2199,2025-01-02,10,16266.665,18465.665
434,Tanya,tanya434@mail.com,Gold,2815,2025-01-06,8,16826.385,19641.385
435,Aarav,aarav435@mail.com,Bronze,1017,2025-01-04,4,10595.715,11612.715
436,Arjun,arjun436@mail.com,Gold,5324,2025-01-01,6,16016.815,21340.815000000002
437,Kabir,kabir437@mail.com,Platinum,675,2025-01-04,5,0.0,675.0
438,Saanvi,saanvi438@mail.com,GOLD,3516,2025-01-04,2,16831.08,20347.08
439,Arjun,arjun439@mail.com,SILVER,4863,2025-01-06,6,7847.075000000001,12710.075
440,Diya,diya440@mail.com,Silver,3459,2025-01-01,2,2238.455,5697.455
441,Diya,diya441@mail.com,Bronze,2566,2025-01-07,3,5736.58,8302.58
442,Arjun,arjun442@mail.com,Bronze,560,2025-01-04,6,21070.685,21630.685
443,Rohan,rohan443@mail.com,Platinum,5145,2025-01-04,4,7424.339999999999,12569.34
444,Anaya,anaya444@mail.com,Bronze,823,2025-01-03,7,14665.305,15488.305
445,Rahul,rahul445@mail.com,Silver,1145,2025-01-05,10,12394.495,13539.495
446,Ritika,ritika446@mail.com,Silver,2334,2025-01-06,5,3799.115,6133.115
447,Rohan,rohan447@mail.com,Bronze,4241,2025-01-06,1,3088.325,7329.325
448,Saanvi,saanvi448@mail.com,Bronze,4054,2025-01-01,9,18233.48,22287.48
449,Aarav,aarav449@mail.com,Bronze,2958,2025-01-05,7,15214.039999999999,18172.04
450,Priya,priya450@mail.com,Gold,4475,2025-01-07,2,8884.895,13359.895
451,Aarav,aarav451@mail.com,Bronze,4811,2025-01-01,7,27591.76,32402.76
452,Siddharth,siddharth452@mail.com,Silver,2346,2025-01-06,7,12808.87,15154.87
453,Anaya,anaya453@mail.com,Silver,5247,2025-01-03,2,24686.39,29933.39
454,Siddharth,siddharth454@mail.com,Bronze,1664,2025-01-05,2,16775.63,18439.63
455,Meera,meera455@mail.com,Platinum,5723,2025-01-02,2,24131.025,29854.025
456,Nisha,nisha456@mail.com,Silver,950,2025-01-06,3,11708.91,12658.91
457,Diya,diya457@mail.com,Gold,103,2025-01-03,9,19990.77,20093.77
458,Siddharth,siddharth458@mail.com,Bronze,5904,2025-01-07,5,5953.675,11857.675
459,Diya,diya459@mail.com,Silver,240,2025-01-03,10,3547.3,3787.3
460,Anaya,anaya460@mail.com,Bronze,4064,2025-01-05,3,14334.66,18398.66
461,Priya,priya461@mail.com,Bronze,1288,2025-01-06,2,13192.28,14480.28
462,Saanvi,invalid_email,GOLD,-4168,2025-01-01,8,18724.135000000002,14556.135000000002
463,Priya,priya463@mail.com,Bronze,3137,2025-01-01,9,11483.24,14620.24
464,Nisha,nisha464@mail.com,Silver,1839,2025-01-03,2,19906.805,21745.805
465,Aman,aman465@mail.com,Silver,3054,2025-01-02,9,26703.97,29757.97
466,Vihaan,vihaan466@mail.com,Silver,3284,2025-01-07,5,12174.599999999999,15458.599999999999
467,Rahul,rahul467@mail.com,Bronze,707,2025-01-05,5,0.0,707.0
468,Ritika,ritika468@mail.com,Silver,1987,2025-01-07,4,4188.465,6175.465
469,Pooja,pooja469@mail.com,Platinum,2008,2025-01-05,6,6657.775000000001,8665.775000000001
470,Aarav,invalid_email,Silver,-2744,2025-01-06,5,1652.0,-1092.0
471,Diya,diya471@mail.com,Bronze,1680,2025-01-01,3,2938.505,4618.505
472,Kabir,kabir472@mail.com,Bronze,762,2025-01-04,6,13341.84,14103.84
473,Kunal,kunal473@mail.com,Silver,695,2025-01-04,2,16921.465,17616.465
474,Aman,aman474@mail.com,Silver,4651,2025-01-03,5,315.97500000000036,4966.975
475,Rahul,rahul475@mail.com,Gold,3219,2025-01-03,4,18778.36,21997.36
476,Anaya,anaya476@mail.com,Gold,1660,2025-01-01,3,17611.08,19271.08
477,Kunal,kunal477@mail.com,Bronze,3817,2025-01-07,4,5304.295,9121.295
478,Kunal,kunal478@mail.com,Gold,2525,2025-01-07,5,9824.525,12349.525
479,Ritika,ritika479@mail.com,Gold,330,2025-01-06,4,24692.665,25022.665
480,Priya,priya480@mail.com,Silver,3246,2025-01-02,1,25676.045,28922.045
481,Aditya,aditya481@mail.com,Silver,3704,2025-01-01,3,10907.515,14611.515
482,Diya,diya482@mail.com,Gold,97,2025-01-02,7,6679.31,6776.31
483,Priya,priya483@mail.com,Silver,5622,2025-01-03,2,1197.77,6819.77
484,Aarav,aarav484@mail.com,Silver,528,2025-01-01,6,5333.125,5861.125
485,Diya,diya485@mail.com,Bronze,349,2025-01-04,7,17709.870000000003,18058.870000000003
486,Tanya,tanya486@mail.com,Silver,241,2025-01-02,5,15815.14,16056.14
487,Kabir,kabir487@mail.com,Bronze,3653,2025-01-02,5,12606.515,16259.515
488,Tanya,tanya488@mail.com,Silver,3375,2025-01-04,3,13273.26,16648.260000000002
489,Nisha,nisha489@mail.com,Gold,1633,2025-01-07,9,13007.35,14640.35
490,Aarav,aarav490@mail.com,Bronze,3133,2025-01-04,6,4758.66,7891.66
491,Aman,aman491@mail.com,Bronze,4115,2025-01-05,4,988.705,5103.705
492,Aarav,aarav492@mail.com,Platinum,2301,2025-01-07,10,0.0,2301.0
493,Saanvi,saanvi493@mail.com,Silver,1307,2025-01-07,1,11924.455,13231.455
494,Saanvi,saanvi494@mail.com,Gold,4716,2025-01-07,3,3324.275,8040.275
495,Isha,isha495@mail.com,Gold,1937,2025-01-05,1,8941.865,10878.865
496,Priya,priya496@mail.com,Silver,4650,2025-01-07,8,13986.744999999999,18636.745
497,Pooja,pooja497@mail.com,Bronze,2531,2025-01-05,4,11103.195,13634.195
498,Aarav,aarav498@mail.com,Bronze,4312,2025-01-07,3,19583.115,23895.115
499,Rahul,rahul499@mail.com,Gold,5873,2025-01-01,1,9765.485,15638.485
500,Arjun,arjun500@mail.com,Bronze,4805,2025-01-05,6,3614.315,8419.315
501,Anaya,anaya501@mail.com,Silver,3060,2025-01-03,5,30620.855,33680.854999999996
502,Rahul,rahul502@mail.com,Gold,1117,2025-01-06,8,993.265,2110.265
503,Rahul,rahul503@mail.com,Silver,1427,2025-01-05,6,10633.495,12060.495
504,Saanvi,saanvi504@mail.com,Bronze,5452,2025-01-06,5,14424.425,19876.425
505,Arjun,arjun505@mail.com,Platinum,1455,2025-01-04,10,14453.42,15908.42
506,Vihaan,vihaan506@mail.com,Platinum,1491,2025-01-02,10,30173.52,31664.52
507,Diya,diya507@mail.com,Gold,4064,2025-01-03,3,5094.595,9158.595000000001
508,Anaya,anaya508@mail.com,Gold,5807,2025-01-01,5,19174.39,24981.39
509,Rohan,rohan509@mail.com,Bronze,2044,2025-01-06,1,3352.2500000000005,5396.25
510,Vihaan,vihaan510@mail.com,Silver,3161,2025-01-04,8,25555.719999999998,28716.719999999998
511,Aditya,aditya511@mail.com,Bronze,2877,2025-01-07,10,17331.85,20208.85
512,Saanvi,saanvi512@mail.com,Gold,1332,2025-01-01,6,16622.0,17954.0
513,Kabir,kabir513@mail.com,Bronze,857,2025-01-06,2,10338.105,11195.105
514,Pooja,pooja514@mail.com,Platinum,762,2025-01-06,1,12300.165,13062.165
515,Nisha,nisha515@mail.com,Gold,5354,2025-01-01,6,13781.875,19135.875
516,Rohan,rohan516@mail.com,Silver,1556,2025-01-05,5,0.0,1556.0
517,Meera,meera517@mail.com,Bronze,2436,2025-01-07,8,2322.365,4758.365
518,Arjun,arjun518@mail.com,Silver,446,2025-01-06,10,2363.605,2809.605
519,Tanya,tanya519@mail.com,Bronze,1635,2025-01-01,8,4998.135,6633.135
520,Diya,diya520@mail.com,Silver,2526,2025-01-03,2,2454.9849999999997,4980.985
521,Pooja,pooja521@mail.com,Gold,3174,2025-01-04,1,0.0,3174.0
522,Kabir,kabir522@mail.com,Bronze,3602,2025-01-01,3,5736.74,9338.74
523,Diya,diya523@mail.com,Gold,702,2025-01-07,10,8675.56,9377.56
524,Saanvi,saanvi524@mail.com,Bronze,4535,2025-01-05,8,20273.755,24808.755
525,Aman,aman525@mail.com,Bronze,1930,2025-01-06,1,5074.85,7004.85
526,Siddharth,siddharth526@mail.com,Gold,4679,2025-01-05,3,12009.869999999999,16688.87
527,Diya,diya527@mail.com,Platinum,3678,2025-01-07,4,13440.04,17118.04
528,Arjun,arjun528@mail.com,Platinum,349,2025-01-07,3,12042.884999999998,12391.884999999998
529,Ritika,ritika529@mail.com,Gold,2112,2025-01-01,7,7063.77,9175.77
530,Pooja,pooja530@mail.com,Gold,3255,2025-01-07,1,12076.76,15331.76
531,Ritika,ritika531@mail.com,Silver,4813,2025-01-02,10,0.0,4813.0
532,Aman,aman532@mail.com,Platinum,4773,2025-01-05,2,11455.300000000001,16228.300000000001
533,Meera,meera533@mail.com,Gold,4387,2025-01-06,8,6009.22,10396.220000000001
534,Aman,aman534@mail.com,Bronze,4988,2025-01-05,10,19246.265,24234.265
535,Aditya,aditya535@mail.com,Gold,317,2025-01-01,8,4321.08,4638.08
536,Kabir,invalid_email,Gold,3051,2025-01-03,8,7527.935,10578.935000000001
537,Diya,diya537@mail.com,Platinum,1867,2025-01-07,6,1673.605,3540.605
538,Kabir,kabir538@mail.com,Silver,5970,2025-01-02,7,457.33,6427.33
539,Tanya,tanya539@mail.com,Gold,4231,2025-01-02,2,11416.22,15647.22
540,Meera,meera540@mail.com,Bronze,5812,2025-01-05,1,21700.55,27512.55
541,Isha,isha541@mail.com,Bronze,1579,2025-01-01,8,29695.74,31274.74
542,Vihaan,vihaan542@mail.com,Bronze,2952,2025-01-05,7,13580.04,16532.04
543,Diya,invalid_email,Bronze,5580,2025-01-02,8,2477.3050000000003,8057.305
544,Aman,aman544@mail.com,Bronze,4516,2025-01-06,2,13537.755000000001,18053.755
545,Meera,meera545@mail.com,Bronze,224,2025-01-02,4,0.0,224.0
546,Saanvi,saanvi546@mail.com,Silver,5551,2025-01-07,1,14176.199999999999,19727.199999999997
547,Tanya,tanya547@mail.com,SILVER,1083,2025-01-03,10,11111.82,12194.82
548,Meera,meera548@mail.com,Silver,5838,2025-01-04,6,17358.77,23196.77
549,Kunal,kunal549@mail.com,Bronze,2064,2025-01-05,7,9436.47,11500.47
550,Aman,invalid_email,Platinum,-838,2025-01-07,6,3107.62,2269.62
551,Pooja,pooja551@mail.com,Bronze,5303,2025-01-04,2,14939.66,20242.66
552,Rahul,rahul552@mail.com,Gold,2264,2025-01-06,5,4531.235000000001,6795.235000000001
553,Rohan,rohan553@mail.com,Bronze,1228,2025-01-07,10,19874.155,21102.155
554,Aditya,aditya554@mail.com,Bronze,5411,2025-01-04,5,13675.385,19086.385000000002
555,Kabir,kabir555@mail.com,Gold,3428,2025-01-05,4,7976.344999999999,11404.345
556,Rahul,rahul556@mail.com,Silver,5951,2025-01-04,6,5907.805,11858.805
557,Siddharth,siddharth557@mail.com,Gold,2459,2025-01-02,5,13308.380000000001,15767.380000000001
558,Diya,diya558@mail.com,Bronze,3856,2025-01-07,3,0.0,3856.0
559,Rahul,rahul559@mail.com,Bronze,5361,2025-01-03,7,8838.695,14199.695
560,Rahul,rahul560@mail.com,Bronze,3044,2025-01-04,1,12049.79,15093.79
561,Aman,aman561@mail.com,Bronze,4753,2025-01-05,2,13231.41,17984.41
562,Aditya,aditya562@mail.com,Bronze,4340,2025-01-02,4,0.0,4340.0
563,Rahul,rahul563@mail.com,Gold,3352,2025-01-02,6,3956.195,7308.195
564,Isha,isha564@mail.com,Silver,662,2025-01-06,1,4079.725,4741.725
565,Aarav,aarav565@mail.com,Gold,3703,2025-01-07,3,12336.45,16039.45
566,Tanya,tanya566@mail.com,Silver,721,2025-01-04,8,10893.04,11614.04
567,Aditya,invalid_email,Bronze,38,2025-01-01,6,23372.675,23410.675
568,Siddharth,invalid_email,Bronze,-1561,2025-01-02,6,7828.429999999999,6267.429999999999
569,Meera,meera569@mail.com,Silver,1056,2025-01-01,1,11703.11,12759.11
570,Meera,meera570@mail.com,Silver,2382,2025-01-04,3,12922.84,15304.84
571,Rahul,rahul571@mail.com,Bronze,4015,2025-01-07,7,17670.05,21685.05
572,Aarav,aarav572@mail.com,Platinum,1871,2025-01-01,10,11330.82,13201.82
573,Siddharth,siddharth573@mail.com,Gold,1384,2025-01-04,5,7537.695,8921.695
574,Pooja,pooja574@mail.com,Platinum,5104,2025-01-06,1,5893.36,10997.36
575,Vihaan,vihaan575@mail.com,Silver,5650,2025-01-03,8,6836.83,12486.83
576,Arjun,arjun576@mail.com,Silver,1683,2025-01-06,2,6420.735000000001,8103.735000000001
577,Siddharth,siddharth577@mail.com,Gold,2211,2025-01-01,9,3921.885,6132.885
578,Ritika,ritika578@mail.com,Gold,964,2025-01-05,4,7334.85,8298.85
579,Kabir,kabir579@mail.com,Bronze,4285,2025-01-02,1,10594.98,14879.98
580,Pooja,pooja580@mail.com,Silver,4066,2025-01-02,1,16470.355,20536.355
581,Aarav,aarav581@mail.com,Bronze,5502,2025-01-04,3,959.455,6461.455
582,Anaya,anaya582@mail.com,Gold,4191,2025-01-06,4,10317.795,14508.795
583,Kunal,kunal583@mail.com,Bronze,2425,2025-01-07,1,11612.015,14037.015
584,Meera,meera584@mail.com,Bronze,2950,2025-01-01,1,7493.375,10443.375
585,Aarav,aarav585@mail.com,Bronze,1133,2025-01-04,10,10781.705,11914.705
586,Kabir,kabir586@mail.com,Bronze,761,2025-01-04,8,13258.324999999999,14019.324999999999
587,Kabir,kabir587@mail.com,Silver,3159,2025-01-07,3,1927.825,5086.825
588,Diya,diya588@mail.com,Bronze,1085,2025-01-02,2,9573.535,10658.535
589,Nisha,nisha589@mail.com,Silver,4839,2025-01-05,7,3614.355,8453.355
590,Priya,invalid_email,Silver,5008,2025-01-02,8,31577.105,36585.104999999996
591,Tanya,tanya591@mail.com,Silver,925,2025-01-06,6,6678.695,7603.695
592,Aarav,aarav592@mail.com,Silver,5771,2025-01-06,10,9439.115,15210.115
593,Saanvi,saanvi593@mail.com,Silver,5487,2025-01-05,2,16530.440000000002,22017.440000000002
594,Nisha,nisha594@mail.com,Silver,5420,2025-01-06,7,16127.779999999999,21547.78
595,Arjun,arjun595@mail.com,SILVER,4573,2025-01-02,9,16608.205,21181.205
596,Tanya,tanya596@mail.com,Bronze,4061,2025-01-02,6,1371.045,5432.045
597,Kabir,kabir597@mail.com,Silver,412,2025-01-07,4,-5270.79,-4858.79
598,Anaya,anaya598@mail.com,Silver,3760,2025-01-04,8,4733.425,8493.425
599,Rahul,rahul599@mail.com,GOLD,972,2025-01-04,7,19963.995,20935.995
600,Vihaan,vihaan600@mail.com,Gold,4564,2025-01-05,5,22861.495,27425.495
601,Siddharth,siddharth601@mail.com,Silver,4606,2025-01-03,1,13030.185,17636.184999999998
602,Saanvi,saanvi602@mail.com,Gold,3722,2025-01-06,6,22725.715,26447.715
603,Kunal,kunal603@mail.com,SILVER,934,2025-01-03,5,22698.83,23632.83
604,Pooja,pooja604@mail.com,Bronze,4276,2025-01-04,3,0.0,4276.0
605,Nisha,nisha605@mail.com,Bronze,876,2025-01-07,7,1210.92,2086.92
606,Rohan,rohan606@mail.com,Bronze,3744,2025-01-07,7,7840.59,11584.59
607,Vihaan,vihaan607@mail.com,Silver,5187,2025-01-04,8,1299.165,6486.165
608,Aman,aman608@mail.com,Silver,4130,2025-01-01,9,7012.885,11142.885
609,Nisha,nisha609@mail.com,Silver,4793,2025-01-02,10,10218.15,15011.15
610,Isha,isha610@mail.com,Bronze,5984,2025-01-05,6,3911.36,9895.36
611,Siddharth,siddharth611@mail.com,Silver,3151,2025-01-02,5,22637.055,25788.055
612,Aditya,aditya612@mail.com,Silver,2808,2025-01-04,10,5597.4,8405.4
613,Siddharth,siddharth613@mail.com,Silver,2448,2025-01-06,9,0.0,2448.0
614,Rohan,rohan614@mail.com,Gold,1645,2025-01-06,3,436.09,2081.09
615,Isha,isha615@mail.com,Silver,4127,2025-01-07,6,5015.735,9142.735
616,Pooja,pooja616@mail.com,Platinum,3935,2025-01-06,9,1952.555,5887.555
617,Meera,meera617@mail.com,Silver,3460,2025-01-02,1,7339.18,10799.18
618,Vihaan,vihaan618@mail.com,Gold,1637,2025-01-06,5,20904.02,22541.02
619,Arjun,arjun619@mail.com,Bronze,508,2025-01-01,6,101.255,609.255
620,Kunal,kunal620@mail.com,Silver,839,2025-01-02,9,15802.954999999998,16641.954999999998
621,Aditya,aditya621@mail.com,Gold,1946,2025-01-06,1,6807.225,8753.225
622,Aditya,aditya622@mail.com,Gold,3174,2025-01-05,1,9921.060000000001,13095.060000000001
623,Aarav,aarav623@mail.com,Gold,2058,2025-01-04,4,14853.73,16911.73
624,Priya,priya624@mail.com,Silver,4820,2025-01-02,5,0.0,4820.0
625,Kunal,kunal625@mail.com,Bronze,1453,2025-01-06,9,13050.025,14503.025
626,Diya,diya626@mail.com,Bronze,3090,2025-01-02,10,8402.295,11492.295
627,Kabir,kabir627@mail.com,Gold,46,2025-01-02,6,19557.760000000002,19603.760000000002
628,Ritika,ritika628@mail.com,Silver,416,2025-01-03,8,11374.689999999999,11790.689999999999
629,Aman,aman629@mail.com,Gold,4506,2025-01-02,3,2630.255,7136.255
630,Siddharth,siddharth630@mail.com,Bronze,558,2025-01-04,2,20303.355,20861.355
631,Priya,priya631@mail.com,Silver,1812,2025-01-03,4,0.0,1812.0
632,Ritika,ritika632@mail.com,Silver,4345,2025-01-06,1,13493.425,17838.425
633,Diya,diya633@mail.com,Bronze,5479,2025-01-05,4,8327.045,13806.045
634,Vihaan,vihaan634@mail.com,Bronze,5591,2025-01-01,7,6181.385,11772.385
635,Kabir,kabir635@mail.com,Bronze,4425,2025-01-07,6,11189.625,15614.625
636,Siddharth,siddharth636@mail.com,Bronze,4167,2025-01-02,6,9206.305,13373.305
637,Siddharth,siddharth637@mail.com,Bronze,674,2025-01-05,9,302.355,976.355
638,Aarav,aarav638@mail.com,Silver,5135,2025-01-07,7,3608.685,8743.685
639,Diya,diya639@mail.com,Gold,1684,2025-01-07,7,7096.275000000001,8780.275000000001
640,Anaya,anaya640@mail.com,Silver,5620,2025-01-01,2,1247.67,6867.67
641,Vihaan,vihaan641@mail.com,Silver,1458,2025-01-02,5,3906.845,5364.844999999999
642,Nisha,nisha642@mail.com,Silver,3178,2025-01-04,2,8390.155,11568.155
643,Pooja,pooja643@mail.com,Silver,48,2025-01-05,1,15531.975,15579.975
644,Anaya,anaya644@mail.com,Bronze,2930,2025-01-03,10,10439.785,13369.785
645,Anaya,anaya645@mail.com,Silver,2306,2025-01-06,1,10506.77,12812.77
646,Tanya,tanya646@mail.com,Bronze,1280,2025-01-07,9,11544.715,12824.715
647,Meera,meera647@mail.com,Silver,5194,2025-01-07,6,23029.04,28223.04
648,Aarav,aarav648@mail.com,Bronze,4534,2025-01-05,10,3754.44,8288.44
649,Aditya,aditya649@mail.com,Bronze,4400,2025-01-06,6,9460.215,13860.215
650,Rohan,rohan650@mail.com,Gold,3380,2025-01-02,4,13172.29,16552.29
651,Ritika,ritika651@mail.com,Bronze,2070,2025-01-07,1,9784.435000000001,11854.435000000001
652,Pooja,pooja652@mail.com,Bronze,3778,2025-01-03,2,22569.934999999998,26347.934999999998
653,Rohan,rohan653@mail.com,Platinum,5944,2025-01-06,4,7067.77,13011.77
654,Diya,diya654@mail.com,Platinum,2335,2025-01-04,6,9325.33,11660.33
655,Ritika,ritika655@mail.com,Silver,5401,2025-01-03,6,3073.755,8474.755000000001
656,Nisha,invalid_email,Bronze,-1381,2025-01-06,7,7148.295,5767.295
657,Kabir,kabir657@mail.com,Gold,2944,2025-01-04,8,7181.97,10125.970000000001
658,Priya,priya658@mail.com,Bronze,2502,2025-01-01,5,2710.455,5212.455
659,Arjun,arjun659@mail.com,Gold,4412,2025-01-06,2,14232.78,18644.78
660,Aarav,aarav660@mail.com,Gold,4154,2025-01-07,10,15573.07,19727.07
661,Rohan,rohan661@mail.com,Silver,300,2025-01-04,3,2715.58,3015.58
662,Priya,priya662@mail.com,Gold,3215,2025-01-03,3,7528.995,10743.994999999999
663,Kunal,kunal663@mail.com,Bronze,4105,2025-01-06,4,4357.320000000001,8462.32
664,Ritika,ritika664@mail.com,Silver,5604,2025-01-02,10,6819.745,12423.744999999999
665,Aman,aman665@mail.com,Bronze,5401,2025-01-03,1,22876.08,28277.08
666,Saanvi,saanvi666@mail.com,Bronze,3994,2025-01-06,4,14218.0,18212.0
667,Siddharth,siddharth667@mail.com,Platinum,2959,2025-01-01,6,0.0,2959.0
668,Diya,diya668@mail.com,Silver,5765,2025-01-06,5,15838.550000000001,21603.550000000003
669,Aman,aman669@mail.com,Bronze,4459,2025-01-05,2,8747.805,13206.805
670,Siddharth,siddharth670@mail.com,Platinum,2060,2025-01-03,6,657.8400000000001,2717.84
671,Tanya,tanya671@mail.com,Bronze,3949,2025-01-04,3,12471.04,16420.04
672,Saanvi,saanvi672@mail.com,Bronze,631,2025-01-02,6,12242.5,12873.5
673,Ritika,ritika673@mail.com,Silver,5876,2025-01-03,2,5908.55,11784.55
674,Tanya,tanya674@mail.com,Bronze,5531,2025-01-07,7,9307.08,14838.08
675,Aarav,aarav675@mail.com,Silver,1996,2025-01-06,9,24389.600000000002,26385.600000000002
676,Vihaan,vihaan676@mail.com,Bronze,4688,2025-01-05,7,17657.46,22345.46
677,Ritika,ritika677@mail.com,Gold,4617,2025-01-07,5,30908.620000000003,35525.62
678,Anaya,anaya678@mail.com,Platinum,1774,2025-01-02,4,9895.365,11669.365
679,Nisha,nisha679@mail.com,Silver,4922,2025-01-05,9,24451.675,29373.675
680,Kabir,kabir680@mail.com,Bronze,1373,2025-01-05,2,19360.855,20733.855
681,Saanvi,saanvi681@mail.com,Bronze,3098,2025-01-07,9,20996.204999999998,24094.204999999998
682,Nisha,nisha682@mail.com,Bronze,1225,2025-01-05,1,6078.09,7303.09
683,Pooja,pooja683@mail.com,Bronze,4123,2025-01-05,9,6680.915,10803.915
684,Aarav,aarav684@mail.com,Silver,5558,2025-01-01,9,3673.57,9231.57
685,Nisha,nisha685@mail.com,Silver,1879,2025-01-03,10,5320.97,7199.97
686,Aman,aman686@mail.com,Bronze,800,2025-01-07,2,6822.225,7622.225
687,Meera,meera687@mail.com,Silver,4901,2025-01-06,1,287.015,5188.015
688,Aman,aman688@mail.com,Bronze,4280,2025-01-06,6,22859.15,27139.15
689,Nisha,nisha689@mail.com,Silver,2967,2025-01-03,9,11632.455,14599.455
690,Nisha,nisha690@mail.com,Bronze,4625,2025-01-07,4,31607.22,36232.22
691,Nisha,nisha691@mail.com,Silver,4522,2025-01-05,8,8443.265,12965.265
692,Kabir,kabir692@mail.com,Gold,2512,2025-01-02,2,0.0,2512.0
693,Saanvi,saanvi693@mail.com,Platinum,3658,2025-01-05,7,19458.03,23116.03
694,Rahul,rahul694@mail.com,Silver,4510,2025-01-04,1,7254.995,11764.994999999999
695,Anaya,anaya695@mail.com,Silver,1190,2025-01-03,4,6438.385,7628.385
696,Priya,priya696@mail.com,Gold,655,2025-01-04,10,2449.445,3104.445
697,Siddharth,siddharth697@mail.com,Silver,2346,2025-01-07,3,0.0,2346.0
698,Tanya,invalid_email,Gold,-3596,2025-01-05,5,9213.8,5617.799999999999
699,Rohan,rohan699@mail.com,Silver,275,2025-01-05,3,18499.18,18774.18
700,Vihaan,vihaan700@mail.com,Bronze,2946,2025-01-03,7,17847.41,20793.41
701,Priya,priya701@mail.com,Silver,5485,2025-01-06,2,12494.294999999998,17979.295
702,Anaya,anaya702@mail.com,Gold,4502,2025-01-03,6,29891.255,34393.255000000005
703,Kabir,kabir703@mail.com,Bronze,1853,2025-01-05,1,9313.065,11166.065
704,Kabir,kabir704@mail.com,Bronze,1433,2025-01-03,6,7378.62,8811.619999999999
705,Diya,diya705@mail.com,Gold,4204,2025-01-05,5,1255.7199999999998,5459.719999999999
706,Kunal,kunal706@mail.com,Gold,3089,2025-01-07,8,6402.9800000000005,9491.98
707,Kunal,kunal707@mail.com,Silver,4807,2025-01-04,4,14219.91,19026.91
708,Saanvi,saanvi708@mail.com,Bronze,2586,2025-01-06,5,8117.450000000001,10703.45
709,Saanvi,saanvi709@mail.com,Silver,2353,2025-01-01,9,1420.84,3773.84
710,Isha,isha710@mail.com,Bronze,3903,2025-01-02,4,14215.2,18118.2
711,Tanya,tanya711@mail.com,Bronze,1635,2025-01-02,4,17846.675,19481.675
712,Saanvi,saanvi712@mail.com,Gold,5067,2025-01-01,8,6492.14,11559.14
713,Ritika,ritika713@mail.com,Silver,54,2025-01-04,6,12093.76,12147.76
714,Ritika,ritika714@mail.com,Platinum,2583,2025-01-07,5,16316.974999999999,18899.975
715,Tanya,tanya715@mail.com,Platinum,1498,2025-01-02,10,13530.14,15028.14
716,Arjun,arjun716@mail.com,Silver,443,2025-01-01,9,9004.565,9447.565
717,Priya,priya717@mail.com,Gold,3225,2025-01-01,9,7614.87,10839.869999999999
718,Kunal,kunal718@mail.com,Bronze,2585,2025-01-05,2,12504.295,15089.295
719,Rahul,rahul719@mail.com,Bronze,2962,2025-01-02,5,8335.295,11297.295
720,Tanya,tanya720@mail.com,Bronze,5022,2025-01-04,6,13865.795,18887.795
721,Priya,priya721@mail.com,Bronze,3281,2025-01-05,4,5090.07,8371.07
722,Diya,diya722@mail.com,Bronze,5904,2025-01-04,4,24043.155,29947.155
723,Arjun,arjun723@mail.com,Bronze,1225,2025-01-02,9,12399.99,13624.99
724,Pooja,pooja724@mail.com,Silver,5902,2025-01-07,10,13792.075,19694.075
725,Vihaan,vihaan725@mail.com,Bronze,3263,2025-01-03,8,12346.17,15609.17
726,Diya,diya726@mail.com,Bronze,3685,2025-01-05,5,10651.54,14336.54
727,Priya,priya727@mail.com,Bronze,162,2025-01-05,4,7968.18,8130.18
728,Aman,aman728@mail.com,Silver,4717,2025-01-03,6,7945.55,12662.55
729,Rahul,rahul729@mail.com,Gold,5514,2025-01-01,7,21663.949999999997,27177.949999999997
730,Ritika,ritika730@mail.com,Platinum,2347,2025-01-06,6,3867.2,6214.2
731,Nisha,nisha731@mail.com,Silver,5171,2025-01-01,3,18607.135,23778.135
732,Rahul,rahul732@mail.com,Silver,1869,2025-01-05,7,12649.23,14518.23
733,Kabir,kabir733@mail.com,Platinum,3644,2025-01-05,8,2255.565,5899.5650000000005
734,Nisha,nisha734@mail.com,Bronze,1370,2025-01-06,5,5030.995,6400.995
735,Anaya,anaya735@mail.com,Bronze,1725,2025-01-04,9,0.0,1725.0
736,Vihaan,vihaan736@mail.com,Silver,215,2025-01-01,5,4689.475,4904.475
737,Ritika,ritika737@mail.com,Platinum,1272,2025-01-02,4,0.0,1272.0
738,Meera,meera738@mail.com,Bronze,3630,2025-01-01,1,4454.62,8084.62
739,Priya,priya739@mail.com,Silver,2664,2025-01-03,9,3704.0099999999993,6368.009999999999
740,Kunal,kunal740@mail.com,Silver,1106,2025-01-05,8,9356.605,10462.605
741,Aman,aman741@mail.com,Silver,3563,2025-01-03,8,14398.119999999999,17961.12
742,Pooja,pooja742@mail.com,Silver,1860,2025-01-03,3,29319.1,31179.1
743,Meera,invalid_email,Gold,-86,2025-01-03,5,26717.06,26631.06
744,Tanya,invalid_email,Platinum,-4383,2025-01-04,5,15066.529999999999,10683.529999999999
745,Aarav,aarav745@mail.com,Silver,3526,2025-01-05,6,7071.494999999999,10597.494999999999
746,Rohan,rohan746@mail.com,Silver,3372,2025-01-06,7,29279.175,32651.175
747,Aditya,aditya747@mail.com,Silver,1807,2025-01-07,10,12903.64,14710.64
748,Kabir,kabir748@mail.com,Silver,2332,2025-01-02,2,7373.325,9705.325
749,Isha,isha749@mail.com,Silver,1119,2025-01-03,10,4402.01,5521.01
750,Tanya,tanya750@mail.com,Bronze,1538,2025-01-01,3,0.0,1538.0
751,Diya,diya751@mail.com,Gold,2311,2025-01-02,2,29530.37,31841.37
752,Arjun,arjun752@mail.com,Bronze,120,2025-01-07,8,14026.355,14146.355
753,Priya,priya753@mail.com,Bronze,3798,2025-01-07,3,12688.105,16486.105
754,Vihaan,vihaan754@mail.com,Bronze,2183,2025-01-02,5,15565.255000000001,17748.255
755,Aditya,aditya755@mail.com,Gold,103,2025-01-07,8,10589.405,10692.405
756,Saanvi,saanvi756@mail.com,Gold,274,2025-01-06,4,13109.845,13383.845
757,Tanya,tanya757@mail.com,Bronze,3187,2025-01-06,1,0.0,3187.0
758,Pooja,pooja758@mail.com,Silver,4267,2025-01-03,1,2625.25,6892.25
759,Rohan,rohan759@mail.com,SILVER,925,2025-01-07,5,16366.375,17291.375
760,Aman,aman760@mail.com,Bronze,980,2025-01-05,8,11170.26,12150.26
761,Ritika,ritika761@mail.com,Bronze,1269,2025-01-01,10,0.0,1269.0
762,Rahul,rahul762@mail.com,Bronze,5121,2025-01-05,2,8461.9,13582.9
763,Arjun,arjun763@mail.com,Platinum,3996,2025-01-07,6,2631.585,6627.585
764,Kunal,invalid_email,Bronze,1580,2025-01-03,1,2637.645,4217.645
765,Tanya,tanya765@mail.com,Bronze,5788,2025-01-02,10,4934.555,10722.555
766,Isha,isha766@mail.com,Gold,4453,2025-01-07,10,7837.175,12290.175
767,Pooja,pooja767@mail.com,Bronze,1313,2025-01-03,9,7307.355,8620.355
768,Priya,invalid_email,Silver,-3719,2025-01-02,1,19505.245000000003,15786.245000000003
769,Ritika,ritika769@mail.com,Bronze,2982,2025-01-06,9,0.0,2982.0
770,Aditya,aditya770@mail.com,Silver,1555,2025-01-05,5,14217.585,15772.585
771,Rahul,rahul771@mail.com,Bronze,3357,2025-01-01,1,25671.67,29028.67
772,Arjun,arjun772@mail.com,Bronze,1463,2025-01-01,1,3815.11,5278.110000000001
773,Aman,aman773@mail.com,Silver,5257,2025-01-06,10,8851.7,14108.7
774,Kabir,kabir774@mail.com,Silver,402,2025-01-02,8,14793.435000000001,15195.435000000001
775,Anaya,anaya775@mail.com,Bronze,3834,2025-01-04,6,19052.065,22886.065
776,Vihaan,vihaan776@mail.com,Bronze,5053,2025-01-03,2,16860.184999999998,21913.184999999998
777,Rohan,rohan777@mail.com,Gold,4255,2025-01-02,4,1246.68,5501.68
778,Siddharth,siddharth778@mail.com,Silver,5381,2025-01-06,9,8374.135,13755.135
779,Nisha,nisha779@mail.com,Silver,864,2025-01-06,7,11067.720000000001,11931.720000000001
780,Diya,diya780@mail.com,Silver,1366,2025-01-06,3,11823.215,13189.215
781,Pooja,pooja781@mail.com,Bronze,4914,2025-01-03,6,5012.24,9926.24
782,Nisha,nisha782@mail.com,Gold,5187,2025-01-05,9,3734.125,8921.125
783,Rohan,rohan783@mail.com,Platinum,3072,2025-01-04,8,6807.700000000001,9879.7
784,Aditya,aditya784@mail.com,Platinum,1,2025-01-05,3,1584.23,1585.23
785,Meera,meera785@mail.com,Bronze,53,2025-01-01,5,8518.720000000001,8571.720000000001
786,Pooja,pooja786@mail.com,Platinum,4188,2025-01-01,8,18612.59,22800.59
787,Priya,priya787@mail.com,Bronze,1278,2025-01-02,5,7824.97,9102.970000000001
788,Meera,meera788@mail.com,Silver,752,2025-01-01,6,33169.31,33921.31
789,Tanya,tanya789@mail.com,Gold,1416,2025-01-07,2,8630.545,10046.545
790,Ritika,ritika790@mail.com,Gold,5261,2025-01-01,1,10282.300000000001,15543.300000000001
791,Rahul,rahul791@mail.com,Silver,2850,2025-01-01,4,11264.36,14114.36
792,Ritika,ritika792@mail.com,Silver,93,2025-01-05,1,15021.300000000001,15114.300000000001
793,Rahul,rahul793@mail.com,Bronze,4423,2025-01-02,1,11099.365,15522.365
794,Aditya,aditya794@mail.com,Silver,3650,2025-01-04,5,5405.165,9055.165
795,Aditya,aditya795@mail.com,Bronze,1212,2025-01-01,9,7101.245000000001,8313.245
796,Aditya,aditya796@mail.com,Silver,2150,2025-01-02,3,807.665,2957.665
797,Tanya,tanya797@mail.com,Bronze,4581,2025-01-05,10,968.335,5549.335
798,Siddharth,siddharth798@mail.com,Bronze,2017,2025-01-06,10,11598.82,13615.82
799,Anaya,anaya799@mail.com,Silver,921,2025-01-03,6,6422.9,7343.9
800,Ritika,invalid_email,Bronze,5369,2025-01-05,8,4762.35,10131.35
801,Ritika,ritika801@mail.com,Platinum,1194,2025-01-06,6,5428.945,6622.945
802,Arjun,arjun802@mail.com,Bronze,5967,2025-01-05,3,1536.605,7503.605
803,Meera,meera803@mail.com,Gold,112,2025-01-04,1,16168.225,16280.225
804,Rahul,rahul804@mail.com,Bronze,1712,2025-01-07,5,20909.725,22621.725
805,Pooja,pooja805@mail.com,Platinum,3956,2025-01-06,1,6438.25,10394.25
806,Aditya,aditya806@mail.com,Silver,4775,2025-01-01,5,17789.63,22564.63
807,Rohan,rohan807@mail.com,Bronze,5705,2025-01-01,2,3566.3149999999996,9271.314999999999
808,Aditya,aditya808@mail.com,Gold,5409,2025-01-07,2,23475.21,28884.21
809,Aarav,aarav809@mail.com,Silver,2396,2025-01-04,9,13008.31,15404.31
810,Diya,diya810@mail.com,Silver,2584,2025-01-02,9,16644.63,19228.63
811,Kunal,kunal811@mail.com,Bronze,4593,2025-01-05,5,2254.949999999999,6847.949999999999
812,Rahul,rahul812@mail.com,Bronze,4013,2025-01-03,6,0.0,4013.0
813,Meera,meera813@mail.com,Platinum,1934,2025-01-01,5,8903.78,10837.78
814,Aditya,aditya814@mail.com,Platinum,241,2025-01-03,7,436.295,677.2950000000001
815,Arjun,arjun815@mail.com,Silver,719,2025-01-07,4,12555.15,13274.15
816,Nisha,nisha816@mail.com,Silver,1969,2025-01-05,6,16710.695,18679.695
817,Kunal,kunal817@mail.com,Silver,4441,2025-01-06,4,15704.455000000002,20145.455
818,Arjun,arjun818@mail.com,Gold,2531,2025-01-04,3,5632.639999999999,8163.639999999999
819,Aman,aman819@mail.com,Silver,1294,2025-01-01,3,8444.94,9738.94
820,Rahul,rahul820@mail.com,Gold,1192,2025-01-04,7,5466.805,6658.805
821,Meera,meera821@mail.com,Gold,3629,2025-01-06,5,20377.345,24006.345
822,Arjun,arjun822@mail.com,Bronze,1539,2025-01-05,10,10133.3,11672.3
823,Kabir,kabir823@mail.com,Bronze,4961,2025-01-06,1,15619.93,20580.93
824,Priya,priya824@mail.com,Silver,651,2025-01-05,8,40855.95,41506.95
825,Priya,priya825@mail.com,Silver,1507,2025-01-02,4,563.94,2070.94
826,Vihaan,vihaan826@mail.com,Bronze,3347,2025-01-04,4,2752.1949999999997,6099.195
827,Rohan,rohan827@mail.com,Platinum,1675,2025-01-07,10,10333.724999999999,12008.724999999999
828,Tanya,tanya828@mail.com,Silver,5634,2025-01-04,1,24130.94,29764.94
829,Ritika,ritika829@mail.com,Bronze,3116,2025-01-05,10,14227.625,17343.625
830,Pooja,pooja830@mail.com,Gold,4302,2025-01-01,8,1114.28,5416.28
831,Kunal,kunal831@mail.com,Bronze,347,2025-01-06,1,12636.015,12983.015
832,Pooja,pooja832@mail.com,Silver,3173,2025-01-03,8,7269.53,10442.529999999999
833,Aditya,aditya833@mail.com,Bronze,2494,2025-01-03,10,27197.075,29691.075
834,Vihaan,vihaan834@mail.com,Bronze,5652,2025-01-04,2,26194.905,31846.905
835,Siddharth,siddharth835@mail.com,Silver,927,2025-01-05,3,6498.030000000001,7425.030000000001
836,Aditya,aditya836@mail.com,Bronze,3387,2025-01-06,4,13720.98,17107.98
837,Kunal,kunal837@mail.com,Silver,738,2025-01-07,3,6167.605,6905.605
838,Diya,diya838@mail.com,Silver,747,2025-01-05,7,11021.265,11768.265
839,Siddharth,siddharth839@mail.com,Bronze,5014,2025-01-07,3,25736.04,30750.04
840,Rahul,rahul840@mail.com,Gold,4632,2025-01-02,3,23359.11,27991.11
841,Vihaan,vihaan841@mail.com,Gold,3437,2025-01-03,3,838.27,4275.27
842,Diya,diya842@mail.com,Bronze,1077,2025-01-01,8,13375.945,14452.945
843,Tanya,tanya843@mail.com,Bronze,4084,2025-01-02,4,11346.905,15430.905
844,Aman,aman844@mail.com,Silver,5402,2025-01-05,1,8781.475,14183.475
845,Saanvi,saanvi845@mail.com,Silver,4483,2025-01-02,1,2321.1,6804.1
846,Isha,isha846@mail.com,Bronze,1214,2025-01-01,10,8262.210000000001,9476.210000000001
847,Ritika,ritika847@mail.com,Bronze,2444,2025-01-02,3,12688.294999999998,15132.294999999998
848,Meera,meera848@mail.com,Silver,5006,2025-01-05,3,10202.58,15208.58
849,Kunal,kunal849@mail.com,Bronze,4742,2025-01-03,6,0.0,4742.0
850,Aditya,aditya850@mail.com,Gold,554,2025-01-04,3,18583.41,19137.41
851,Diya,diya851@mail.com,Bronze,5690,2025-01-02,4,22786.075,28476.075
852,Ritika,ritika852@mail.com,Gold,476,2025-01-01,8,10840.6,11316.6
853,Ritika,ritika853@mail.com,Silver,5790,2025-01-05,10,10345.48,16135.48
854,Ritika,ritika854@mail.com,Silver,2898,2025-01-06,8,2942.06,5840.0599999999995
855,Tanya,tanya855@mail.com,Bronze,1473,2025-01-02,1,16410.26,17883.26
856,Diya,diya856@mail.com,Gold,196,2025-01-02,10,8819.1,9015.1
857,Nisha,nisha857@mail.com,Bronze,3391,2025-01-02,1,1201.555,4592.555
858,Rohan,rohan858@mail.com,Gold,5652,2025-01-05,9,10324.825,15976.825
859,Rahul,rahul859@mail.com,Bronze,50,2025-01-05,10,6781.575,6831.575
860,Aarav,aarav860@mail.com,Gold,1438,2025-01-04,8,19373.88,20811.88
861,Vihaan,vihaan861@mail.com,Bronze,5289,2025-01-07,9,6343.660000000001,11632.66
862,Rahul,rahul862@mail.com,Silver,3788,2025-01-07,9,18416.43,22204.43
863,Meera,meera863@mail.com,Bronze,4628,2025-01-02,10,5271.765,9899.765
864,Rahul,rahul864@mail.com,Bronze,2896,2025-01-03,7,8206.630000000001,11102.630000000001
865,Pooja,pooja865@mail.com,Bronze,1359,2025-01-07,5,12397.99,13756.99
866,Rahul,invalid_email,Silver,5815,2025-01-02,6,5351.055,11166.055
867,Kunal,kunal867@mail.com,Bronze,2479,2025-01-07,1,3765.135,6244.135
868,Rohan,rohan868@mail.com,Bronze,758,2025-01-05,3,9610.654999999999,10368.654999999999
869,Rohan,rohan869@mail.com,Gold,2786,2025-01-07,6,1821.345,4607.345
870,Arjun,arjun870@mail.com,Platinum,804,2025-01-02,4,10555.145,11359.145
871,Vihaan,vihaan871@mail.com,Gold,3763,2025-01-03,1,6079.58,9842.58
872,Ritika,ritika872@mail.com,Gold,713,2025-01-07,5,7560.23,8273.23
873,Aarav,aarav873@mail.com,Silver,4731,2025-01-02,4,16785.355,21516.355
874,Meera,meera874@mail.com,Gold,2266,2025-01-03,3,4755.19,7021.19
875,Isha,isha875@mail.com,Platinum,2241,2025-01-01,4,2931.08,5172.08
876,Pooja,pooja876@mail.com,Bronze,2869,2025-01-07,5,2023.02,4892.02
877,Aman,aman877@mail.com,Bronze,2005,2025-01-05,8,13399.745,15404.745
878,Vihaan,invalid_email,Platinum,1065,2025-01-04,1,12077.404999999999,13142.404999999999
879,Anaya,anaya879@mail.com,Gold,3493,2025-01-06,8,8360.175,11853.175
880,Ritika,ritika880@mail.com,Gold,2913,2025-01-06,9,4639.045,7552.045
881,Anaya,anaya881@mail.com,Bronze,3814,2025-01-06,8,3792.4800000000005,7606.4800000000005
882,Diya,diya882@mail.com,Silver,3732,2025-01-04,4,15692.345,19424.345
883,Saanvi,saanvi883@mail.com,Silver,1177,2025-01-04,3,9574.49,10751.49
884,Rahul,rahul884@mail.com,Bronze,2660,2025-01-03,8,4156.02,6816.02
885,Kunal,kunal885@mail.com,Bronze,1399,2025-01-05,2,15263.79,16662.79
886,Aditya,aditya886@mail.com,Bronze,5851,2025-01-07,5,1664.185,7515.1849999999995
887,Pooja,pooja887@mail.com,Silver,3776,2025-01-05,3,19447.075,23223.075
888,Tanya,tanya888@mail.com,Bronze,3144,2025-01-04,7,22013.995,25157.995
889,Aman,aman889@mail.com,Bronze,2803,2025-01-01,10,2880.8100000000013,5683.810000000001
890,Tanya,tanya890@mail.com,Silver,936,2025-01-07,8,21475.845,22411.845
891,Isha,isha891@mail.com,Bronze,2523,2025-01-07,10,12223.35,14746.35
892,Aditya,aditya892@mail.com,Silver,2682,2025-01-07,3,12278.695,14960.695
893,Aman,aman893@mail.com,Gold,5211,2025-01-04,9,25170.605,30381.605
894,Meera,meera894@mail.com,Silver,3194,2025-01-03,5,14425.505000000001,17619.505
895,Aman,aman895@mail.com,Platinum,5566,2025-01-03,2,24953.145,30519.145
896,Aman,aman896@mail.com,Silver,66,2025-01-07,5,7790.76,7856.76
897,Vihaan,vihaan897@mail.com,PLATINUM,3024,2025-01-05,6,16894.3,19918.3
898,Diya,diya898@mail.com,Bronze,2311,2025-01-04,6,18224.63,20535.63
899,Aditya,aditya899@mail.com,Silver,3326,2025-01-04,3,19420.535,22746.535
900,Rohan,rohan900@mail.com,Platinum,4550,2025-01-02,5,0.0,4550.0
901,Arjun,invalid_email,Silver,-1100,2025-01-04,7,1026.065,-73.93499999999995
902,Arjun,arjun902@mail.com,Gold,693,2025-01-07,10,7518.51,8211.51
903,Nisha,nisha903@mail.com,Silver,5105,2025-01-04,7,0.0,5105.0
904,Priya,priya904@mail.com,Silver,1849,2025-01-07,4,5401.455,7250.455
905,Siddharth,siddharth905@mail.com,Silver,2205,2025-01-01,10,0.0,2205.0
906,Tanya,tanya906@mail.com,Silver,5774,2025-01-01,3,5158.905000000001,10932.905
907,Siddharth,siddharth907@mail.com,Bronze,2289,2025-01-01,4,4496.32,6785.32
908,Tanya,tanya908@mail.com,Platinum,5166,2025-01-06,9,6854.469999999999,12020.47
909,Aman,aman909@mail.com,Platinum,2559,2025-01-01,8,15619.615,18178.614999999998
910,Kunal,kunal910@mail.com,Silver,4199,2025-01-03,5,8667.935000000001,12866.935000000001
911,Meera,invalid_email,Platinum,1372,2025-01-06,10,8586.349999999999,9958.349999999999
912,Kabir,kabir912@mail.com,Silver,503,2025-01-06,5,11173.24,11676.24
913,Ritika,ritika913@mail.com,Bronze,223,2025-01-07,5,6484.05,6707.05
914,Kabir,kabir914@mail.com,Bronze,1085,2025-01-06,2,18188.79,19273.79
915,Ritika,ritika915@mail.com,Gold,1430,2025-01-03,3,8072.49,9502.49
916,Kabir,kabir916@mail.com,Bronze,5740,2025-01-01,6,0.0,5740.0
917,Anaya,anaya917@mail.com,Gold,1188,2025-01-07,7,19142.555,20330.555
918,Aditya,aditya918@mail.com,Gold,1949,2025-01-05,6,0.0,1949.0
919,Vihaan,vihaan919@mail.com,Gold,5261,2025-01-04,7,6776.924999999999,12037.925
920,Tanya,tanya920@mail.com,Platinum,2468,2025-01-02,7,7045.514999999999,9513.515
921,Aditya,aditya921@mail.com,Silver,3887,2025-01-03,8,6394.585000000001,10281.585000000001
922,Aditya,aditya922@mail.com,Silver,5558,2025-01-01,9,17268.555,22826.555
923,Priya,priya923@mail.com,Silver,3537,2025-01-03,5,16989.425,20526.425
924,Diya,diya924@mail.com,Bronze,2091,2025-01-06,4,7516.495,9607.494999999999
925,Aman,aman925@mail.com,Silver,1596,2025-01-03,9,0.0,1596.0
926,Aarav,invalid_email,Bronze,-5511,2025-01-05,2,15848.61,10337.61
927,Kunal,kunal927@mail.com,Bronze,2879,2025-01-01,10,6015.99,8894.99
928,Anaya,anaya928@mail.com,Silver,465,2025-01-05,2,12305.73,12770.73
929,Diya,diya929@mail.com,Bronze,707,2025-01-06,10,18604.715,19311.715
930,Isha,isha930@mail.com,Bronze,908,2025-01-01,8,2743.83,3651.83
931,Kabir,kabir931@mail.com,Silver,3497,2025-01-03,3,14723.825,18220.825
932,Anaya,anaya932@mail.com,Bronze,2271,2025-01-01,5,9375.455,11646.455
933,Kabir,kabir933@mail.com,Silver,1457,2025-01-05,7,32016.965,33473.965
934,Isha,isha934@mail.com,Bronze,5287,2025-01-02,10,13074.04,18361.04
935,Diya,diya935@mail.com,Bronze,3617,2025-01-05,5,3689.115,7306.115
936,Kunal,kunal936@mail.com,Bronze,153,2025-01-01,7,9303.48,9456.48
937,Kabir,kabir937@mail.com,Platinum,1241,2025-01-05,8,3878.675,5119.675
938,Tanya,tanya938@mail.com,Gold,3572,2025-01-01,9,7297.48,10869.48
939,Saanvi,saanvi939@mail.com,Silver,27,2025-01-01,10,8622.195,8649.195
940,Pooja,pooja940@mail.com,Bronze,2940,2025-01-06,2,12549.58,15489.58
941,Priya,priya941@mail.com,Bronze,4379,2025-01-07,5,6264.155000000001,10643.155
942,Rohan,rohan942@mail.com,Platinum,1446,2025-01-03,7,4222.415,5668.415
943,Diya,diya943@mail.com,Silver,5166,2025-01-04,4,29552.025,34718.025
944,Arjun,arjun944@mail.com,Gold,292,2025-01-04,7,9772.130000000001,10064.130000000001
945,Anaya,anaya945@mail.com,Silver,4428,2025-01-07,8,9292.04,13720.04
946,Aarav,aarav946@mail.com,Bronze,303,2025-01-04,2,2211.235,2514.235
947,Rohan,rohan947@mail.com,Silver,5356,2025-01-07,9,24783.97,30139.97
948,Arjun,arjun948@mail.com,Bronze,4746,2025-01-04,1,7635.055,12381.055
949,Tanya,tanya949@mail.com,Gold,5065,2025-01-02,1,23264.12,28329.12
950,Meera,meera950@mail.com,Bronze,797,2025-01-07,2,8437.23,9234.23
951,Diya,diya951@mail.com,Silver,4072,2025-01-02,7,10149.869999999999,14221.869999999999
952,Rahul,rahul952@mail.com,Bronze,5557,2025-01-05,3,6999.04,12556.04
953,Rahul,rahul953@mail.com,Silver,1746,2025-01-01,5,7866.545,9612.545
954,Arjun,arjun954@mail.com,Bronze,3400,2025-01-02,10,9560.025,12960.025
955,Vihaan,vihaan955@mail.com,Gold,1092,2025-01-07,3,13787.215,14879.215
956,Aarav,aarav956@mail.com,Bronze,3989,2025-01-06,10,12480.5,16469.5
957,Meera,meera957@mail.com,Gold,3409,2025-01-02,4,12804.365,16213.365
958,Arjun,arjun958@mail.com,Silver,5241,2025-01-02,10,7690.475,12931.475
959,Vihaan,vihaan959@mail.com,Silver,4884,2025-01-06,5,15148.725,20032.725
960,Priya,invalid_email,Bronze,-3430,2025-01-05,2,17468.475,14038.474999999999
961,Ritika,ritika961@mail.com,Platinum,2964,2025-01-04,4,9772.27,12736.27
962,Kabir,kabir962@mail.com,Gold,434,2025-01-04,8,8677.52,9111.52
963,Isha,isha963@mail.com,Bronze,1308,2025-01-03,4,8886.925,10194.925
964,Nisha,nisha964@mail.com,Gold,2059,2025-01-01,2,5486.73,7545.73
965,Vihaan,vihaan965@mail.com,Gold,4402,2025-01-01,2,6491.64,10893.64
966,Saanvi,saanvi966@mail.com,Silver,5909,2025-01-06,6,17259.965,23168.965
967,Saanvi,saanvi967@mail.com,Bronze,902,2025-01-07,4,18774.755,19676.755
968,Aditya,aditya968@mail.com,Silver,1807,2025-01-04,3,0.0,1807.0
969,Rohan,rohan969@mail.com,Bronze,4992,2025-01-06,4,14143.619999999999,19135.62
970,Priya,priya970@mail.com,Bronze,2209,2025-01-01,5,13552.56,15761.56
971,Arjun,arjun971@mail.com,Silver,910,2025-01-03,4,16686.005,17596.005
972,Meera,meera972@mail.com,Gold,4944,2025-01-02,10,5569.295,10513.295
973,Pooja,pooja973@mail.com,Gold,1881,2025-01-02,10,20328.91,22209.91
974,Tanya,tanya974@mail.com,Gold,3790,2025-01-02,4,13687.2,17477.2
975,Rahul,rahul975@mail.com,Gold,3557,2025-01-02,10,14776.81,18333.809999999998
976,Aarav,aarav976@mail.com,Bronze,3422,2025-01-07,9,15042.285,18464.285
977,Vihaan,vihaan977@mail.com,Silver,3487,2025-01-07,2,12457.145,15944.145
978,Kunal,kunal978@mail.com,SILVER,4057,2025-01-06,7,26633.755,30690.755
979,Rohan,rohan979@mail.com,Bronze,1087,2025-01-01,8,6541.98,7628.98
980,Meera,meera980@mail.com,Gold,1325,2025-01-01,8,733.565,2058.565
981,Kunal,kunal981@mail.com,Silver,1135,2025-01-03,8,19369.305,20504.305
982,Aarav,aarav982@mail.com,Gold,5138,2025-01-01,5,24366.0,29504.0
983,Nisha,nisha983@mail.com,Silver,2210,2025-01-02,2,3104.455,5314.455
984,Ritika,ritika984@mail.com,Bronze,2750,2025-01-06,6,-3373.78,-623.7800000000002
985,Vihaan,vihaan985@mail.com,Silver,909,2025-01-03,3,7003.485,7912.485
986,Pooja,pooja986@mail.com,Gold,5774,2025-01-03,4,11701.185,17475.184999999998
987,Pooja,pooja987@mail.com,Gold,930,2025-01-07,4,18149.91,19079.91
988,Saanvi,saanvi988@mail.com,Bronze,2625,2025-01-03,1,14446.064999999999,17071.065
989,Anaya,anaya989@mail.com,Silver,3054,2025-01-01,8,12757.96,15811.96
990,Pooja,pooja990@mail.com,Gold,5556,2025-01-03,2,14545.91,20101.91
991,Rohan,rohan991@mail.com,Bronze,3750,2025-01-01,2,32542.41,36292.41
992,Isha,isha992@mail.com,Bronze,2260,2025-01-02,9,9931.48,12191.48
993,Aarav,aarav993@mail.com,Silver,2401,2025-01-04,6,15463.619999999999,17864.62
994,Nisha,nisha994@mail.com,Bronze,3636,2025-01-01,4,14161.905,17797.905
995,Siddharth,siddharth995@mail.com,Silver,5281,2025-01-07,6,16940.57,22221.57
996,Tanya,tanya996@mail.com,Silver,4860,2025-01-04,5,7791.995,12651.994999999999
997,Aman,aman997@mail.com,Bronze,1080,2025-01-02,8,7140.46,8220.46
998,Priya,priya998@mail.com,Bronze,2360,2025-01-04,3,15384.025,17744.025
999,Ritika,ritika999@mail.com,Bronze,1317,2025-01-07,3,13163.619999999999,14480.619999999999
1000,Isha,isha1000@mail.com,Platinum,1948,2025-01-04,5,3164.12,5112.12
