customer_id,recency_days,frequency,monetary,total_loyalty_points,customer_segment
1,2,2,16947.85,204,Occasional
2,0,2,19501.35,4837,Occasional
3,0,3,27034.82,4597,Occasional
4,0,3,37637.4,2278,Occasional
5,0,4,21339.8,2276,Occasional
6,0,3,25780.37,2940,Occasional
7,0,3,22743.87,1022,Occasional
8,1,3,15920.7,4729,Occasional
9,0,3,27197.06,1907,Occasional
10,0,7,44784.009999999995,3032,High-Value
11,2,6,52324.01,5201,High-Value
12,5,1,10993.43,1799,Occasional
13,2,2,13262.36,3286,Occasional
14,3,5,55457.759999999995,5369,High-Value
15,0,7,47430.54,2020,High-Value
17,0,4,30112.269999999997,1252,Occasional
18,1,2,20262.489999999998,4881,Occasional
19,0,2,0.0,5584,Occasional
20,0,3,37372.91,3561,Occasional
21,4,2,11859.08,1463,Occasional
22,3,1,10349.61,1629,Occasional
23,0,3,11495.06,4906,Occasional
24,0,5,34627.02,474,High-Value
25,0,2,12579.150000000001,4363,Occasional
26,1,3,29997.58,4322,Occasional
27,5,1,9083.19,3268,Occasional
28,2,4,32495.22,2030,Occasional
29,4,3,18464.3,58,Occasional
30,1,4,24560.68,4211,Occasional
31,0,4,32005.58,3872,Occasional
32,3,3,19214.41,2902,Occasional
33,0,6,55412.490000000005,3298,High-Value
34,0,5,54670.4,3675,High-Value
35,2,3,25998.0,4508,Occasional
36,2,2,-10063.55,1362,Occasional
37,2,3,6491.3,17,Occasional
38,2,2,16845.42,5706,Occasional
39,3,2,-9310.869999999999,1555,Occasional
40,0,2,6096.08,468,Occasional
41,1,2,10207.19,4160,Occasional
42,0,5,30855.82,982,High-Value
43,1,5,52040.87,3434,High-Value
44,3,2,15972.64,1955,Occasional
45,1,6,28651.100000000002,76,High-Value
46,3,7,58874.63,4144,High-Value
47,3,4,38897.93,1292,Occasional
48,1,2,8639.9,5471,Occasional
49,6,1,6387.5,876,Occasional
50,6,2,7087.43,5631,Occasional
51,6,1,-2979.28,5196,Occasional
52,5,2,17170.4,1323,Occasional
53,0,3,24170.07,5660,Occasional
54,2,1,14617.55,3520,Occasional
55,0,1,13518.7,1720,Occasional
56,0,6,48391.5,1266,High-Value
57,1,2,19839.29,203,Occasional
58,0,8,53566.950000000004,1304,High-Value
59,1,2,21009.61,1634,Occasional
60,5,1,3065.96,193,Occasional
61,4,1,3992.14,5255,Occasional
62,4,2,23897.88,2139,Occasional
63,3,2,19727.41,2831,Occasional
64,2,4,18977.5,4723,Occasional
65,0,5,39456.96000000001,2983,High-Value
66,2,3,10426.59,5896,Occasional
67,4,3,25340.93,4541,Occasional
68,0,5,34219.65,4662,High-Value
69,0,2,8335.04,4751,Occasional
70,0,6,26793.48,3876,High-Value
71,2,5,35993.95,4222,High-Value
72,6,2,3367.94,1840,Occasional
73,2,3,10931.279999999999,3730,Occasional
74,1,3,26847.3,3273,Occasional
75,0,4,30812.99,1792,Occasional
77,4,2,6842.46,3625,Occasional
78,1,1,6070.49,1303,Occasional
79,0,2,14469.84,3969,Occasional
80,1,3,12255.279999999999,2751,Occasional
81,0,8,55280.62,5786,High-Value
82,2,4,9822.32,1694,Occasional
83,0,6,58592.7,3116,High-Value
84,5,1,9457.62,4473,Occasional
85,6,1,12630.4,237,Occasional
86,2,4,42848.91,1045,Occasional
87,2,3,17895.06,687,Occasional
88,2,4,40477.44,2681,Occasional
89,0,5,47409.22,2066,High-Value
90,3,3,22410.14,5325,Occasional
91,0,2,19886.98,166,Occasional
92,0,5,34187.6,3809,High-Value
93,0,4,14477.95,2548,Occasional
94,1,2,15335.310000000001,5857,Occasional
95,5,2,19000.76,5605,Occasional
96,2,6,33862.98,4364,High-Value
98,1,2,17021.41,3567,Occasional
99,0,5,41591.78,3808,High-Value
100,1,3,29850.38,2284,Occasional
101,1,3,32052.1,235,Occasional
102,1,4,15535.8,2290,Occasional
103,1,4,23495.86,701,Occasional
104,0,5,44882.65,3671,High-Value
105,2,1,14382.81,5439,Occasional
106,0,3,14699.68,2882,Occasional
107,2,3,32921.96,979,Occasional
108,0,1,4634.55,2265,Occasional
109,1,2,21341.2,2426,Occasional
110,5,4,27133.02,372,Occasional
111,0,4,36694.090000000004,100,Occasional
112,1,4,29594.839999999997,3913,Occasional
113,0,5,26631.86,1222,High-Value
114,0,7,72790.46,3409,High-Value
115,0,2,7013.0599999999995,3626,Occasional
116,3,2,16311.23,4994,Occasional
117,3,5,53234.58,5410,High-Value
118,0,2,15979.28,3690,Occasional
119,1,4,26422.23,583,Occasional
120,5,1,2392.85,3482,Occasional
121,4,3,14806.720000000001,488,Occasional
122,2,5,42403.85,1018,High-Value
123,0,3,27632.989999999998,4045,Occasional
124,0,4,31609.09,2051,Occasional
125,2,2,12329.24,169,Occasional
126,6,1,9170.63,4251,Occasional
127,1,3,20693.02,747,Occasional
128,1,2,9138.220000000001,3372,Occasional
130,0,3,27965.9,9,Occasional
131,0,8,54966.13,5100,High-Value
132,2,3,26898.81,1073,Occasional
133,1,4,35872.89,1960,Occasional
134,1,4,34114.14,929,Occasional
135,1,1,3580.59,5778,Occasional
136,0,6,62140.79,1184,High-Value
137,0,3,8956.39,3399,Occasional
138,1,4,21851.09,4808,Occasional
139,1,3,20167.449999999997,2827,Occasional
140,3,1,9169.18,4684,Occasional
141,0,3,19108.08,3162,Occasional
142,1,4,22236.21,1034,Occasional
143,0,1,0.0,4308,Occasional
144,0,6,51668.71,3846,High-Value
145,0,4,18426.65,5524,Occasional
146,1,3,39982.89,294,Occasional
147,1,1,1935.09,3555,Occasional
148,0,2,-474.40000000000146,5685,Occasional
149,0,3,23381.19,3070,Occasional
150,3,5,29807.81,1434,High-Value
151,0,4,18443.78,1172,Occasional
152,3,6,42855.27,2356,High-Value
153,2,2,24330.21,5234,Occasional
154,2,3,10379.6,3958,Occasional
155,0,4,40302.63,5392,Occasional
156,0,1,8739.91,4069,Occasional
157,0,1,9656.45,1794,Occasional
158,1,3,32225.56,5140,Occasional
159,1,4,24195.32,738,Occasional
160,0,4,36132.100000000006,2997,Occasional
161,2,3,19857.56,2774,Occasional
162,0,4,25768.13,4565,Occasional
163,1,1,14425.97,3019,Occasional
164,2,7,64518.380000000005,5528,High-Value
165,1,2,16013.69,1813,Occasional
166,0,2,11601.779999999999,955,Occasional
167,2,3,29178.62,1923,Occasional
168,0,3,33817.8,4811,Occasional
169,0,4,38983.509999999995,3343,Occasional
170,6,1,11003.3,1934,Occasional
171,4,2,13337.02,3261,Occasional
172,0,4,39928.18,5429,Occasional
173,2,4,7946.01,1031,Occasional
174,2,3,24519.98,1769,Occasional
175,3,4,42442.66,2271,Occasional
176,0,2,13854.75,5415,Occasional
177,3,1,2208.78,-2652,Occasional
178,0,3,31590.85,520,Occasional
179,0,2,11411.21,1814,Occasional
180,0,2,19318.68,3752,Occasional
181,2,2,17884.91,5620,Occasional
182,1,2,9517.04,1215,Occasional
183,4,1,1907.06,4893,Occasional
184,0,4,20861.03,5905,Occasional
185,1,5,22270.86,3266,High-Value
187,5,1,11747.89,791,Occasional
188,4,1,12163.49,4601,Occasional
189,1,5,30342.39,2356,High-Value
190,1,3,5376.15,1837,Occasional
192,3,3,25425.480000000003,5529,Occasional
193,4,4,37530.59,1477,Occasional
194,1,4,45060.7,1173,Occasional
195,0,2,10070.15,4345,Occasional
196,0,4,25720.28,4649,Occasional
197,0,3,11935.66,5521,Occasional
198,1,3,11318.94,2237,Occasional
199,0,3,30266.93,3986,Occasional
200,0,2,9665.68,1674,Occasional
201,2,1,7420.34,-982,Occasional
202,0,4,23991.54,4098,Occasional
203,0,2,7895.1,153,Occasional
204,1,4,28023.53,5812,Occasional
205,5,1,8756.88,3769,Occasional
206,2,1,-8385.75,3569,Occasional
207,2,3,15160.81,2728,Occasional
208,0,4,24704.96,2862,Occasional
209,0,4,37125.42,1199,Occasional
210,0,2,22931.44,5144,Occasional
211,0,5,41799.85,2647,High-Value
212,1,3,19268.4,5172,Occasional
213,3,1,8518.4,3782,Occasional
214,3,3,8319.33,4866,Occasional
215,1,4,52845.479999999996,4683,Occasional
216,1,6,50693.22,847,High-Value
217,0,2,12615.95,320,Occasional
218,1,2,25374.45,2981,Occasional
219,2,2,24212.64,5168,Occasional
220,0,1,9908.39,2064,Occasional
221,1,2,20756.399999999998,667,Occasional
222,4,1,11524.33,4874,Occasional
223,5,2,19748.129999999997,5489,Occasional
224,1,3,10650.03,4165,Occasional
225,0,3,16867.05,1572,Occasional
226,0,1,7557.72,4421,Occasional
227,0,3,8057.29,4892,Occasional
228,0,4,20969.59,5907,Occasional
229,0,1,9885.63,2334,Occasional
230,0,6,41204.97,1589,High-Value
231,1,2,22702.39,4119,Occasional
232,1,5,29351.370000000003,2048,High-Value
234,0,3,25938.35,751,Occasional
236,3,1,6477.09,230,Occasional
237,4,1,7969.57,313,Occasional
238,1,2,22187.32,-5040,Occasional
239,0,3,19793.809999999998,5957,Occasional
240,2,2,12323.710000000001,391,Occasional
241,3,4,17862.55,4888,Occasional
242,1,4,31961.78,-3516,Occasional
243,2,1,3746.42,2954,Occasional
244,1,4,19450.840000000004,3198,Occasional
245,3,3,26317.81,2925,Occasional
246,0,5,29572.87,2723,High-Value
247,0,5,47649.3,5696,High-Value
248,1,4,29740.5,2403,Occasional
249,2,3,41761.15,3262,Occasional
250,1,1,10506.04,2924,Occasional
251,0,4,27433.59,3579,Occasional
252,0,4,37256.17,4064,Occasional
253,6,1,11628.08,646,Occasional
254,3,2,20889.84,655,Occasional
255,1,4,31560.510000000002,5650,Occasional
256,0,4,27589.29,2249,Occasional
257,0,1,4872.76,4203,Occasional
258,2,3,23921.43,285,Occasional
260,6,1,1592.81,4701,Occasional
261,4,2,12207.849999999999,212,Occasional
262,0,3,15944.18,2132,Occasional
263,1,5,50520.71,1004,High-Value
264,1,2,11918.73,5586,Occasional
265,0,4,26193.809999999998,4441,Occasional
266,0,5,31584.41,4167,High-Value
267,1,4,35275.43,2956,Occasional
268,2,2,15153.89,706,Occasional
269,1,3,14075.289999999999,3354,Occasional
270,2,6,34214.91,3816,High-Value
271,4,2,12553.279999999999,1490,Occasional
272,4,1,12784.95,4244,Occasional
273,3,2,14835.61,4250,Occasional
274,4,3,34845.66,1025,Occasional
275,2,2,20231.56,4756,Occasional
276,1,3,23091.72,337,Occasional
277,2,1,14467.46,5334,Occasional
278,1,3,23451.870000000003,2372,Occasional
279,1,3,28674.29,3715,Occasional
280,1,2,2988.73,2786,Occasional
281,1,3,4494.1,1071,Occasional
282,3,4,7915.24,2191,Occasional
283,5,4,27150.93,2033,Occasional
284,0,3,23194.29,1305,Occasional
285,4,2,14910.66,737,Occasional
286,1,5,44383.13,398,High-Value
287,0,3,22205.52,-4396,Occasional
288,0,5,26027.62,2997,High-Value
289,0,3,11303.720000000001,602,Occasional
290,4,2,2295.1099999999997,973,Occasional
291,0,3,12048.33,1181,Occasional
292,2,3,11404.420000000002,5845,Occasional
293,4,1,8527.72,2686,Occasional
294,1,5,14913.080000000002,2755,High-Value
295,2,2,13866.59,136,Occasional
296,4,3,19158.46,4889,Occasional
297,1,4,33444.3,1864,Occasional
298,2,4,25538.38,1210,Occasional
299,1,2,7091.79,155,Occasional
300,2,2,9216.37,5009,Occasional
301,5,2,16871.86,1698,Occasional
302,2,3,10644.71,3765,Occasional
303,1,6,46887.8,3966,High-Value
304,2,4,35159.36,5774,Occasional
305,4,1,14182.57,2357,Occasional
306,2,6,39302.14,2379,High-Value
307,0,2,3559.5699999999997,1752,Occasional
308,1,1,2627.58,894,Occasional
309,1,5,65064.57,5226,High-Value
310,1,2,18224.88,42,Occasional
311,2,2,4246.97,5329,Occasional
312,0,3,15187.82,5343,Occasional
313,2,4,32365.71,1440,Occasional
314,0,3,13459.97,2371,Occasional
315,0,3,18157.47,3722,Occasional
316,1,3,20462.08,2235,Occasional
317,0,3,16522.11,115,Occasional
318,3,3,17985.170000000002,5004,Occasional
319,6,2,25047.120000000003,3283,Occasional
320,4,1,7504.98,2136,Occasional
321,1,6,47912.19,5921,High-Value
322,0,5,29535.0,3812,High-Value
323,3,2,17583.940000000002,5232,Occasional
324,3,3,26794.64,1254,Occasional
325,0,5,37963.53,4403,High-Value
326,3,2,17122.29,4304,Occasional
327,0,2,21552.39,4486,Occasional
328,1,1,1351.54,3619,Occasional
329,0,7,35388.2,455,High-Value
330,0,4,24132.3,5511,Occasional
331,1,5,48343.03,4737,High-Value
332,0,3,28093.23,3867,Occasional
333,0,5,33629.84,3133,High-Value
334,2,4,15610.080000000002,5353,Occasional
335,0,3,14610.189999999999,5962,Occasional
336,2,1,11095.45,3474,Occasional
337,0,2,-4364.889999999999,1544,Occasional
338,2,2,16223.68,128,Occasional
339,0,5,19007.17,2004,High-Value
340,4,3,18569.79,4127,Occasional
341,2,3,26394.239999999998,4898,Occasional
342,3,2,18550.4,3387,Occasional
343,6,2,5603.04,4553,Occasional
344,0,4,38316.909999999996,2611,Occasional
345,0,1,11141.93,1974,Occasional
346,1,2,24967.41,4607,Occasional
347,2,2,5364.84,1665,Occasional
348,1,5,25859.43,5935,High-Value
349,0,3,19038.89,596,Occasional
350,1,4,41826.020000000004,1711,Occasional
352,0,5,22622.88,3249,High-Value
353,0,5,43905.200000000004,5314,High-Value
354,0,3,17706.95,5918,Occasional
355,3,1,12558.05,374,Occasional
356,0,3,23310.42,4744,Occasional
357,4,3,19824.940000000002,2013,Occasional
358,1,2,10682.92,3775,Occasional
359,3,2,18380.76,1507,Occasional
360,2,2,14101.300000000001,608,Occasional
361,1,3,27206.949999999997,556,Occasional
362,2,3,-129.17999999999984,5224,Occasional
363,1,3,24885.63,4359,Occasional
364,3,1,6778.29,140,Occasional
365,0,3,28997.340000000004,4295,Occasional
366,2,2,7538.19,3251,Occasional
367,5,2,13281.16,5603,Occasional
368,0,6,34328.88,3320,High-Value
369,1,1,9684.41,4094,Occasional
370,0,8,65646.51,348,High-Value
371,0,9,62265.03,381,High-Value
372,0,1,7296.87,1469,Occasional
373,0,3,24103.350000000002,630,Occasional
374,4,2,6155.63,2717,Occasional
375,0,3,4638.42,2833,Occasional
376,0,1,8938.86,4879,Occasional
377,1,3,17435.18,1868,Occasional
378,0,2,19205.11,702,Occasional
379,2,2,15691.79,1263,Occasional
380,0,1,13792.94,872,Occasional
381,0,5,27572.79,1085,High-Value
382,0,5,43192.270000000004,215,High-Value
383,3,3,16950.52,101,Occasional
384,3,1,10333.76,4268,Occasional
385,1,2,5060.860000000001,1195,Occasional
386,2,1,1193.89,2061,Occasional
387,1,3,13417.86,876,Occasional
388,2,2,24400.71,2699,Occasional
389,0,3,5656.85,2461,Occasional
390,0,2,15437.2,2614,Occasional
391,3,3,14599.2,3080,Occasional
392,1,4,21490.93,4469,Occasional
393,2,5,24466.43,3591,High-Value
394,0,8,51339.79,1140,High-Value
395,0,2,20091.260000000002,605,Occasional
396,2,4,34500.76,4453,Occasional
397,0,3,18706.26,5227,Occasional
398,5,2,17747.13,5300,Occasional
399,2,2,11841.970000000001,3526,Occasional
401,0,2,16209.349999999999,1234,Occasional
402,0,4,31277.63,5981,Occasional
404,0,3,9918.83,366,Occasional
405,6,1,-6620.22,1998,Occasional
406,1,3,18658.4,3318,Occasional
407,0,2,13656.85,1616,Occasional
408,3,4,38795.9,5765,Occasional
409,0,2,12470.32,2996,Occasional
410,4,3,28145.65,5235,Occasional
411,1,8,64680.82,3750,High-Value
412,0,4,24789.54,694,Occasional
413,1,3,23671.829999999998,5680,Occasional
414,0,4,31705.27,1521,Occasional
416,0,4,30618.8,78,Occasional
418,2,3,24680.489999999998,4631,Occasional
419,0,4,19646.5,2364,Occasional
420,1,3,30158.6,4184,Occasional
421,0,2,13655.23,340,Occasional
422,0,3,38643.4,2438,Occasional
423,0,7,52429.28,961,High-Value
424,3,1,1689.94,5183,Occasional
425,1,4,35292.8,4670,Occasional
426,0,6,52794.35,4691,High-Value
427,1,3,-235.5999999999999,3371,Occasional
428,2,3,18904.760000000002,1198,Occasional
429,2,4,44874.35,1164,Occasional
430,0,3,15747.640000000001,3300,Occasional
431,1,3,24666.9,2681,Occasional
432,4,3,-469.21999999999935,518,Occasional
433,2,3,32233.33,2199,Occasional
434,0,6,33152.77,2815,High-Value
435,0,4,20891.43,1017,Occasional
436,2,4,31633.63,5324,Occasional
438,1,3,33362.16,3516,Occasional
439,0,2,15494.150000000001,4863,Occasional
440,2,1,4376.91,3459,Occasional
441,4,1,11373.16,2566,Occasional
442,2,4,41741.37,560,Occasional
443,0,4,14548.679999999998,5145,Occasional
444,0,3,29030.61,823,Occasional
445,2,3,24488.99,1145,Occasional
446,3,1,7498.23,2334,Occasional
447,3,1,6076.65,4241,Occasional
448,0,3,36166.96,4054,Occasional
449,2,3,30128.079999999998,2958,Occasional
450,0,2,17569.79,4475,Occasional
451,1,6,54583.52,4811,High-Value
452,2,3,25317.74,2346,Occasional
453,1,7,48672.78,5247,High-Value
454,0,5,33051.26,1664,High-Value
455,2,5,47762.05,5723,High-Value
456,0,3,23117.82,950,Occasional
457,2,6,39381.54,103,High-Value
458,4,2,11807.35,5904,Occasional
459,0,1,6994.6,240,Occasional
460,1,4,28269.32,4064,Occasional
461,3,5,25884.56,1288,High-Value
462,4,3,37148.270000000004,-4168,Occasional
463,0,4,22566.48,3137,Occasional
464,0,5,39313.61,1839,High-Value
465,1,9,52607.94,3054,High-Value
466,4,3,24049.199999999997,3284,Occasional
468,1,2,8276.93,1987,Occasional
469,1,3,13015.55,2008,Occasional
470,5,1,3204.0,-2744,Occasional
471,4,2,5777.01,1680,Occasional
472,1,3,26483.68,762,Occasional
473,4,3,33542.93,695,Occasional
474,4,2,531.9500000000007,4651,Occasional
475,2,4,37156.72,3219,Occasional
476,1,4,34822.16,1660,Occasional
477,6,1,10508.59,3817,Occasional
478,0,3,19349.05,2525,Occasional
479,0,5,48885.33,330,High-Value
480,0,5,50852.09,3246,High-Value
481,0,3,21515.03,3704,Occasional
482,2,2,13258.62,97,Occasional
483,6,1,2295.54,5622,Occasional
484,1,2,10466.25,528,Occasional
485,0,4,35019.740000000005,349,Occasional
486,2,6,31130.28,241,High-Value
487,4,2,25013.03,3653,Occasional
488,0,4,26146.52,3375,Occasional
489,0,4,25614.7,1633,Occasional
490,0,3,9317.32,3133,Occasional
491,2,1,1877.41,4115,Occasional
493,2,2,23648.91,1307,Occasional
494,3,1,6548.55,4716,Occasional
495,3,2,17683.73,1937,Occasional
496,0,3,27773.489999999998,4650,Occasional
497,0,4,22006.39,2531,Occasional
498,0,4,38766.23,4312,Occasional
499,2,3,19230.97,5873,Occasional
500,4,1,7128.63,4805,Occasional
501,1,5,60741.71,3060,High-Value
502,1,1,1886.53,1117,Occasional
503,1,3,20966.989999999998,1427,Occasional
504,1,4,28448.85,5452,Occasional
505,0,4,28506.84,1455,Occasional
506,0,5,59847.04,1491,High-Value
507,5,1,10089.19,4064,Occasional
508,2,5,37848.78,5807,High-Value
509,0,2,6604.500000000001,2044,Occasional
510,0,5,50611.439999999995,3161,High-Value
511,0,3,34363.7,2877,Occasional
512,1,4,32844.0,1332,Occasional
513,0,3,20476.21,857,Occasional
514,0,3,24300.33,762,Occasional
515,1,3,27263.75,5354,Occasional
517,2,1,4544.73,2436,Occasional
518,0,2,4627.21,446,Occasional
519,3,2,9796.27,1635,Occasional
520,2,3,4709.969999999999,2526,Occasional
522,2,1,11373.48,3602,Occasional
523,0,3,17051.12,702,Occasional
524,0,5,40047.51,4535,High-Value
525,3,3,10049.7,1930,Occasional
526,1,3,23719.739999999998,4679,Occasional
527,0,4,26480.08,3678,Occasional
528,3,2,23885.769999999997,349,Occasional
529,4,1,14027.54,2112,Occasional
530,0,4,23853.52,3255,Occasional
532,1,3,22610.600000000002,4773,Occasional
533,4,1,11918.44,4387,Occasional
534,0,6,37992.53,4988,High-Value
535,1,1,8542.16,317,Occasional
536,2,4,14755.87,3051,Occasional
537,3,1,3247.21,1867,Occasional
538,2,1,914.66,5970,Occasional
539,1,3,22532.44,4231,Occasional
540,0,6,42801.1,5812,High-Value
541,0,7,58791.48,1579,High-Value
542,1,3,26860.08,2952,Occasional
543,0,2,4754.610000000001,5580,Occasional
544,2,6,26475.510000000002,4516,High-Value
546,3,3,28052.399999999998,5551,Occasional
547,2,4,21823.64,1083,Occasional
548,0,5,34217.54,5838,High-Value
549,0,2,18672.94,2064,Occasional
550,6,1,6115.24,-838,Occasional
551,2,5,29379.32,5303,High-Value
552,0,2,8962.470000000001,2264,Occasional
553,0,5,39248.31,1228,High-Value
554,2,3,27050.77,5411,Occasional
555,0,3,15752.689999999999,3428,Occasional
556,2,2,11615.61,5951,Occasional
557,3,3,26316.760000000002,2459,Occasional
559,1,3,17377.39,5361,Occasional
560,0,3,23799.58,3044,Occasional
561,1,3,26162.82,4753,Occasional
563,1,3,7612.39,3352,Occasional
564,0,4,7859.45,662,Occasional
565,0,2,24472.9,3703,Occasional
566,0,5,21486.08,721,High-Value
567,1,5,46245.35,38,High-Value
568,6,2,15456.859999999999,-1561,Occasional
569,5,3,23206.22,1056,Occasional
570,2,2,25645.68,2382,Occasional
571,1,4,34940.1,4015,Occasional
572,1,4,22261.64,1871,Occasional
573,2,3,14875.39,1384,Occasional
574,2,2,11586.72,5104,Occasional
575,3,2,13473.66,5650,Occasional
576,1,3,12541.470000000001,1683,Occasional
577,3,1,7743.77,2211,Occasional
578,1,4,14369.7,964,Occasional
579,1,4,20789.96,4285,Occasional
580,0,4,32640.71,4066,Occasional
581,4,1,1818.91,5502,Occasional
582,0,3,20335.59,4191,Occasional
583,3,2,23024.03,2425,Occasional
584,5,1,14886.75,2950,Occasional
585,1,4,21163.41,1133,Occasional
586,1,5,26116.649999999998,761,High-Value
587,0,2,3755.65,3159,Occasional
588,3,2,18947.07,1085,Occasional
589,1,2,7028.71,4839,Occasional
590,0,8,62354.21,5008,High-Value
591,1,3,13157.39,925,Occasional
592,0,2,18678.23,5771,Occasional
593,2,3,32760.88,5487,Occasional
594,0,3,31955.559999999998,5420,Occasional
595,1,4,32816.41,4573,Occasional
596,5,1,2642.09,4061,Occasional
597,2,1,-10541.58,412,Occasional
598,2,1,9366.85,3760,Occasional
599,2,5,39427.99,972,High-Value
600,0,5,45222.99,4564,High-Value
601,0,4,25660.37,4606,Occasional
602,0,5,45051.43,3722,High-Value
603,1,5,44897.66,934,High-Value
605,1,1,2321.84,876,Occasional
606,0,2,15481.18,3744,Occasional
607,5,2,2498.33,5187,Occasional
608,2,2,13825.77,4130,Occasional
609,1,3,20136.3,4793,Occasional
610,0,2,7622.72,5984,Occasional
611,0,7,44674.11,3151,High-Value
612,4,2,10994.8,2808,Occasional
613,1,1,0.0,2448,Occasional
614,6,1,872.18,1645,Occasional
615,4,1,9931.47,4127,Occasional
616,3,1,3805.11,3935,Occasional
617,0,2,14478.36,3460,Occasional
618,0,5,41308.04,1637,High-Value
619,1,1,202.51,508,Occasional
620,0,4,31305.909999999996,839,Occasional
621,1,3,13314.45,1946,Occasional
622,3,2,19642.120000000003,3174,Occasional
623,0,3,29407.46,2058,Occasional
625,4,3,25800.05,1453,Occasional
626,6,2,16604.59,3090,Occasional
627,1,5,38615.520000000004,46,High-Value
628,0,3,22449.379999999997,416,Occasional
629,3,2,5060.51,4506,Occasional
630,2,4,40206.71,558,Occasional
632,2,4,26686.85,4345,Occasional
633,0,3,16354.09,5479,Occasional
634,1,1,12262.77,5591,Occasional
635,0,2,22179.25,4425,Occasional
636,0,3,18212.61,4167,Occasional
637,0,1,604.71,674,Occasional
638,4,2,7117.37,5135,Occasional
639,3,2,13992.550000000001,1684,Occasional
640,2,1,2395.34,5620,Occasional
641,0,2,7713.69,1458,Occasional
642,1,3,16480.31,3178,Occasional
643,0,4,30663.95,48,Occasional
644,1,3,20579.57,2930,Occasional
645,0,3,20713.54,2306,Occasional
646,4,2,22889.43,1280,Occasional
647,0,4,45658.08,5194,Occasional
648,4,2,7308.88,4534,Occasional
649,1,5,18520.43,4400,High-Value
650,0,2,26144.58,3380,Occasional
651,0,2,19368.870000000003,2070,Occasional
652,3,4,44739.869999999995,3778,Occasional
653,6,2,13935.54,5944,Occasional
654,1,5,18350.66,2335,High-Value
655,3,2,5947.51,5401,Occasional
656,3,1,14196.59,-1381,Occasional
657,2,2,14163.94,2944,Occasional
658,2,1,5320.91,2502,Occasional
659,0,4,28165.56,4412,Occasional
660,0,5,30746.14,4154,High-Value
661,4,1,5331.16,300,Occasional
662,0,1,14957.99,3215,Occasional
663,2,2,8614.640000000001,4105,Occasional
664,5,2,13439.49,5604,Occasional
665,1,5,45252.16,5401,High-Value
666,0,3,28136.0,3994,Occasional
667,2,2,0.0,2959,Occasional
668,3,5,31177.100000000002,5765,High-Value
669,2,2,17295.61,4459,Occasional
670,2,2,1215.6800000000003,2060,Occasional
671,2,2,24742.08,3949,Occasional
672,4,3,24285.0,631,Occasional
673,0,3,11517.1,5876,Occasional
674,5,3,18314.16,5531,Occasional
675,2,7,48079.200000000004,1996,High-Value
676,1,5,34814.92,4688,High-Value
677,1,9,60917.240000000005,4617,High-Value
678,0,3,19590.73,1774,Occasional
679,2,8,48103.35,4922,High-Value
680,1,5,38221.71,1373,High-Value
681,1,5,41492.409999999996,3098,High-Value
682,1,4,11856.18,1225,Occasional
683,1,1,13261.83,4123,Occasional
684,2,1,7247.14,5558,Occasional
685,0,1,10541.94,1879,Occasional
686,2,2,13444.45,800,Occasional
687,5,1,574.03,4901,Occasional
688,0,5,45218.3,4280,High-Value
689,1,3,22964.91,2967,Occasional
690,0,7,62614.44,4625,High-Value
691,0,2,16686.53,4522,Occasional
693,1,5,38416.06,3658,High-Value
694,1,1,14409.99,4510,Occasional
695,2,4,12576.77,1190,Occasional
696,0,1,4798.89,655,Occasional
698,0,2,18227.6,-3596,Occasional
699,1,3,36698.36,275,Occasional
700,0,3,35394.82,2946,Occasional
701,2,3,24688.589999999997,5485,Occasional
702,0,7,59082.51,4502,High-Value
703,4,3,18326.13,1853,Occasional
704,0,2,14657.24,1433,Occasional
705,3,2,2411.4399999999996,4204,Occasional
706,3,2,12605.960000000001,3089,Occasional
707,3,4,28139.82,4807,Occasional
708,1,2,16034.900000000001,2586,Occasional
709,0,1,2741.68,2353,Occasional
710,0,4,28030.4,3903,Occasional
711,3,4,35293.35,1635,Occasional
712,4,2,12784.28,5067,Occasional
713,0,5,23887.52,54,High-Value
714,0,5,32233.949999999997,2583,High-Value
715,2,3,26760.28,1498,Occasional
716,5,2,17809.13,443,Occasional
717,5,2,15029.74,3225,Occasional
718,1,4,24608.59,2585,Occasional
719,0,4,16270.59,2962,Occasional
720,2,3,27431.59,5022,Occasional
721,0,2,9980.14,3281,Occasional
722,0,6,47486.31,5904,High-Value
723,2,2,24599.98,1225,Occasional
724,1,4,27284.15,5902,Occasional
725,0,3,24492.34,3263,Occasional
726,1,3,21003.08,3685,Occasional
727,3,2,15736.36,162,Occasional
728,0,2,15691.1,4717,Occasional
729,0,6,42727.899999999994,5514,High-Value
730,4,1,7634.4,2347,Occasional
731,0,6,36714.27,5171,High-Value
732,3,2,25098.46,1869,Occasional
733,1,1,4411.13,3644,Occasional
734,3,2,9861.99,1370,Occasional
736,5,1,9278.95,215,Occasional
737,2,1,0.0,1272,Occasional
738,4,3,8709.24,3630,Occasional
739,1,4,7108.019999999999,2664,Occasional
740,0,4,18313.21,1106,Occasional
741,3,3,28496.239999999998,3563,Occasional
742,0,7,58038.2,1860,High-Value
743,1,6,52834.12,-86,High-Value
744,0,6,29733.059999999998,-4383,High-Value
745,1,3,13842.989999999998,3526,Occasional
746,0,7,57858.35,3372,High-Value
747,4,3,25507.28,1807,Occasional
748,1,2,14546.65,2332,Occasional
749,4,2,8604.02,1119,Occasional
751,1,8,58360.74,2311,High-Value
752,2,2,27852.71,120,Occasional
753,2,3,25076.21,3798,Occasional
754,0,5,30630.510000000002,2183,High-Value
755,4,2,20978.81,103,Occasional
756,1,3,25919.69,274,Occasional
758,2,1,5150.5,4267,Occasional
759,0,6,32132.75,925,High-Value
760,0,5,21840.52,980,High-Value
761,2,1,0.0,1269,Occasional
762,1,2,16723.8,5121,Occasional
763,2,2,5063.17,3996,Occasional
764,2,1,5175.29,1580,Occasional
765,5,1,9769.11,5788,Occasional
766,6,2,15474.35,4453,Occasional
767,6,1,14514.71,1313,Occasional
768,2,4,38610.490000000005,-3719,Occasional
770,0,5,27935.17,1555,High-Value
771,0,4,50943.34,3357,Occasional
772,1,1,7530.22,1463,Occasional
773,0,2,17503.4,5257,Occasional
774,0,4,29186.870000000003,402,Occasional
775,3,5,37604.13,3834,High-Value
776,0,3,33420.369999999995,5053,Occasional
777,6,1,2393.36,4255,Occasional
778,3,2,16548.27,5381,Occasional
779,2,3,21835.440000000002,864,Occasional
780,5,4,23346.43,1366,Occasional
781,6,1,9924.48,4914,Occasional
782,3,1,7368.25,5187,Occasional
783,2,3,13415.400000000001,3072,Occasional
784,2,1,3068.46,1,Occasional
785,1,2,16837.440000000002,53,Occasional
786,0,6,36625.18,4188,High-Value
787,0,3,15349.94,1278,Occasional
788,0,6,65738.62,752,High-Value
789,1,3,17061.09,1416,Occasional
790,0,4,20264.600000000002,5261,Occasional
791,2,5,22128.72,2850,High-Value
792,1,4,29642.600000000002,93,Occasional
793,2,5,21898.73,4423,High-Value
794,0,1,10710.33,3650,Occasional
795,3,2,14002.490000000002,1212,Occasional
796,0,1,1515.33,2150,Occasional
797,5,2,1836.67,4581,Occasional
798,2,4,22897.64,2017,Occasional
799,2,3,12645.8,921,Occasional
800,1,3,9324.7,5369,Occasional
801,2,2,10757.89,1194,Occasional
802,4,1,2973.21,5967,Occasional
803,1,4,32036.45,112,Occasional
804,1,4,41419.45,1712,Occasional
805,0,3,12576.5,3956,Occasional
806,2,4,35279.26,4775,Occasional
807,2,2,7032.629999999999,5705,Occasional
808,0,6,46350.42,5409,High-Value
809,1,2,25816.62,2396,Occasional
810,2,3,32989.26,2584,Occasional
811,0,5,4209.899999999998,4593,Loyal
813,0,3,17607.56,1934,Occasional
814,5,1,872.59,241,Occasional
815,1,4,24810.3,719,Occasional
816,0,6,32921.39,1969,High-Value
817,0,3,31108.910000000003,4441,Occasional
818,2,2,11065.279999999999,2531,Occasional
819,0,3,16589.88,1294,Occasional
820,1,2,10733.61,1192,Occasional
821,3,6,40254.69,3629,High-Value
822,0,3,20066.6,1539,Occasional
823,1,3,30939.86,4961,Occasional
824,2,7,81011.9,651,High-Value
825,3,1,1027.88,1507,Occasional
826,1,4,5304.389999999999,3347,Occasional
827,2,3,20367.449999999997,1675,Occasional
828,0,7,47761.88,5634,High-Value
829,1,4,28055.25,3116,Occasional
830,1,1,2128.56,4302,Occasional
831,1,3,24972.03,347,Occasional
832,3,2,14339.06,3173,Occasional
833,0,7,53894.15,2494,High-Value
834,0,6,51889.81,5652,High-Value
835,0,2,12796.060000000001,927,Occasional
836,4,4,27141.96,3387,Occasional
837,4,2,12135.21,738,Occasional
838,1,4,21742.53,747,Occasional
839,1,5,50972.08,5014,High-Value
840,0,6,46218.22,4632,High-Value
841,6,1,1576.54,3437,Occasional
842,1,4,26351.89,1077,Occasional
843,2,4,22393.81,4084,Occasional
844,0,4,17262.95,5402,Occasional
845,2,1,4542.2,4483,Occasional
846,0,2,16324.420000000002,1214,Occasional
847,1,3,25076.589999999997,2444,Occasional
848,5,2,20205.16,5006,Occasional
850,0,5,36766.82,554,High-Value
851,0,5,45072.15,5690,High-Value
852,0,4,21381.2,476,Occasional
853,0,5,20390.96,5790,High-Value
854,5,1,5784.12,2898,Occasional
855,0,6,32220.52,1473,High-Value
856,0,4,17238.2,196,Occasional
857,2,1,2303.11,3391,Occasional
858,1,3,20349.65,5652,Occasional
859,4,2,13463.15,50,Occasional
860,0,4,38347.76,1438,Occasional
861,0,2,12587.320000000002,5289,Occasional
862,1,4,36432.86,3788,Occasional
863,0,3,10243.53,4628,Occasional
864,0,2,16213.26,2896,Occasional
865,4,2,24595.98,1359,Occasional
866,1,1,10602.11,5815,Occasional
867,6,1,7430.27,2479,Occasional
868,0,2,19021.309999999998,758,Occasional
869,1,1,3542.69,2786,Occasional
870,0,5,20810.29,804,High-Value
871,5,2,11959.16,3763,Occasional
872,3,2,14920.46,713,Occasional
873,0,4,33170.71,4731,Occasional
874,0,5,9110.38,2266,High-Value
875,5,1,5762.16,2241,Occasional
876,2,1,3946.04,2869,Occasional
877,0,4,26499.49,2005,Occasional
878,1,2,23954.809999999998,1065,Occasional
879,1,2,16520.35,3493,Occasional
880,2,1,9178.09,2913,Occasional
881,0,2,7384.960000000001,3814,Occasional
882,3,4,31084.69,3732,Occasional
883,2,2,18948.98,1177,Occasional
884,4,1,8212.04,2660,Occasional
885,2,5,30127.58,1399,High-Value
886,0,2,3228.37,5851,Occasional
887,1,3,38594.15,3776,Occasional
888,3,4,43627.99,3144,Occasional
889,1,5,5461.620000000003,2803,High-Value
890,1,5,42451.69,936,High-Value
891,1,4,24046.7,2523,Occasional
892,2,3,24257.39,2682,Occasional
893,0,6,49741.21,5211,High-Value
894,0,3,28551.010000000002,3194,Occasional
895,1,4,49506.29,5566,Occasional
896,0,3,15381.52,66,Occasional
897,0,4,33388.6,3024,Occasional
898,0,6,35949.26,2311,High-Value
899,4,4,38541.07,3326,Occasional
901,1,1,1952.13,-1100,Occasional
902,4,1,14937.02,693,Occasional
904,3,3,10602.91,1849,Occasional
906,4,3,10117.810000000001,5774,Occasional
907,1,2,8892.64,2289,Occasional
908,4,2,13508.939999999999,5166,Occasional
909,0,4,30839.23,2559,Occasional
910,3,2,17135.870000000003,4199,Occasional
911,0,3,16872.699999999997,1372,Occasional
912,0,4,22046.48,503,Occasional
913,0,2,12868.1,223,Occasional
914,0,5,35877.58,1085,High-Value
915,1,2,15944.98,1430,Occasional
917,0,4,37885.11,1188,Occasional
919,3,2,13353.849999999999,5261,Occasional
920,0,3,13791.029999999999,2468,Occasional
921,4,3,12489.170000000002,3887,Occasional
922,0,4,34137.11,5558,Occasional
923,0,3,33678.85,3537,Occasional
924,4,1,14932.99,2091,Occasional
926,0,4,31297.22,-5511,Occasional
927,2,2,11831.98,2879,Occasional
928,0,2,24411.46,465,Occasional
929,0,4,36809.43,707,Occasional
930,0,1,5387.66,908,Occasional
931,3,3,29147.65,3497,Occasional
932,3,3,18450.91,2271,Occasional
933,0,7,63333.93,1457,High-Value
934,1,2,25948.08,5287,Occasional
935,2,2,7178.23,3617,Occasional
936,3,2,18406.96,153,Occasional
937,3,3,7557.35,1241,Occasional
938,1,2,14394.96,3572,Occasional
939,0,3,16944.39,27,Occasional
940,0,6,24699.16,2940,High-Value
941,2,2,12328.310000000001,4379,Occasional
942,5,2,8344.83,1446,Occasional
943,0,8,58504.05,5166,High-Value
944,1,3,19244.260000000002,292,Occasional
945,0,3,18284.08,4428,Occasional
946,2,2,4322.47,303,Occasional
947,0,5,49067.94,5356,High-Value
948,1,2,15070.11,4746,Occasional
949,0,5,46028.24,5065,High-Value
950,1,4,16574.46,797,Occasional
951,2,2,20099.739999999998,4072,Occasional
952,0,2,13798.08,5557,Occasional
953,0,3,15533.09,1746,Occasional
954,2,3,18920.05,3400,Occasional
955,3,3,27274.43,1092,Occasional
956,0,3,24661.0,3989,Occasional
957,0,3,25308.73,3409,Occasional
958,1,3,15080.95,5241,Occasional
959,1,4,29897.45,4884,Occasional
960,0,5,34436.95,-3430,High-Value
961,0,2,19344.54,2964,Occasional
962,2,2,17155.04,434,Occasional
963,2,3,17573.85,1308,Occasional
964,6,1,10873.46,2059,Occasional
965,0,2,12783.28,4402,Occasional
966,1,4,34119.93,5909,Occasional
967,0,5,37049.51,902,High-Value
969,0,4,27887.239999999998,4992,Occasional
970,1,2,26905.12,2209,Occasional
971,0,6,32872.01,910,High-Value
972,3,3,10938.59,4944,Occasional
973,0,5,40157.82,1881,High-Value
974,0,2,27174.4,3790,Occasional
975,0,3,29253.62,3557,Occasional
976,0,3,29784.57,3422,Occasional
977,1,4,24514.29,3487,Occasional
978,0,8,52467.51,4057,High-Value
979,4,3,12783.96,1087,Occasional
980,4,1,1367.13,1325,Occasional
981,0,5,38338.61,1135,High-Value
982,2,6,48132.0,5138,High-Value
983,0,2,6008.91,2210,Occasional
984,4,1,-6747.56,2750,Occasional
985,3,1,13906.97,909,Occasional
986,1,3,23102.37,5774,Occasional
987,2,6,35699.82,930,High-Value
988,0,4,28492.129999999997,2625,Occasional
989,0,3,25215.92,3054,Occasional
990,1,4,28691.82,5556,Occasional
991,0,8,64484.82,3750,High-Value
992,2,2,19662.96,2260,Occasional
993,0,3,30627.239999999998,2401,Occasional
994,1,5,27923.81,3636,High-Value
995,0,5,33381.14,5281,High-Value
996,0,2,15383.99,4860,Occasional
997,3,2,14180.92,1080,Occasional
998,0,7,30368.05,2360,High-Value
999,4,2,26127.239999999998,1317,Occasional
1000,1,3,6128.24,1948,Occasional
